"HITId","HITTypeId","Title","Description","Keywords","Reward","CreationTime","MaxAssignments","RequesterAnnotation","AssignmentDurationInSeconds","AutoApprovalDelayInSeconds","Expiration","NumberOfSimilarHITs","LifetimeInSeconds","AssignmentId","WorkerId","AssignmentStatus","AcceptTime","SubmitTime","AutoApprovalTime","ApprovalTime","RejectionTime","RequesterFeedback","WorkTimeInSeconds","LifetimeApprovalRate","Last30DaysApprovalRate","Last7DaysApprovalRate","Answer.age","Answer.articleNumber","Answer.batch","Answer.bias-question","Answer.country","Answer.facebook-hours","Answer.gender","Answer.hoursSpent1","Answer.hoursSpent2","Answer.instagram-hours","Answer.language1","Answer.mastTimer","Answer.newsOutlet","Answer.politics","Answer.reason-for-bias","Answer.reddit-hours","Answer.socialMedia1","Answer.socialMedia2","Answer.twitter-hours","Answer.url","Approve","Reject"
"3J9L0X0VDGGOZ2NKLFSL37PBRW7W9S","3IRHJ9AYT2QWH99X1CDPKLRTSGIGNL","Media Bias in web articles [3-5 minutes]","Give us your opinion on bias in web articles","survey","$0.25","Sun Mar 20 16:40:15 PDT 2022","100","BatchId:4695835;OriginalHitTemplateId:928390912;","3600","259200","Sun Mar 27 16:40:15 PDT 2022","","","3LBXNTKX0TP5BMP3MMT9UAZAMGUX9E","A1GEFYRIZ7RGWC","Approved","Sun Mar 20 17:43:29 PDT 2022","Sun Mar 20 17:45:23 PDT 2022","Wed Mar 23 17:45:23 PDT 2022","Mon Mar 21 15:06:09 PDT 2022","","","114","100% (1/1)","0% (0/0)","0% (0/0)","30","452","2","is-not-biased","United States","5","Female","","","0","English","1: 30","BBC","Independent","Your answer here","0","","","0","https://www.bbc.co.uk/news/world-us-canada-60810468"
"3J9L0X0VDGGOZ2NKLFSL37PBRW7W9S","3IRHJ9AYT2QWH99X1CDPKLRTSGIGNL","Media Bias in web articles [3-5 minutes]","Give us your opinion on bias in web articles","survey","$0.25","Sun Mar 20 16:40:15 PDT 2022","100","BatchId:4695835;OriginalHitTemplateId:928390912;","3600","259200","Sun Mar 27 16:40:15 PDT 2022","","","3DUZQ9U6SOIVCCG7VDSINK7FYTBSVH","A4D99Y82KOLC8","Approved","Sun Mar 20 16:43:21 PDT 2022","Sun Mar 20 16:45:25 PDT 2022","Wed Mar 23 16:45:25 PDT 2022","Mon Mar 21 15:06:19 PDT 2022","","","124","100% (3/3)","0% (0/0)","0% (0/0)","35","322","2","is-not-biased","United States","10","Male","","","10","English","1: 29","CNN","Liberal","Your answer here","0","","","1","https://www.cnn.com/2022/03/20/us/ocean-drive-miami-shooting-injured/index.html"
"3J9L0X0VDGGOZ2NKLFSL37PBRW7W9S","3IRHJ9AYT2QWH99X1CDPKLRTSGIGNL","Media Bias in web articles [3-5 minutes]","Give us your opinion on bias in web articles","survey","$0.25","Sun Mar 20 16:40:15 PDT 2022","100","BatchId:4695835;OriginalHitTemplateId:928390912;","3600","259200","Sun Mar 27 16:40:15 PDT 2022","","","3IGI0VL649E36FF5M5PITY31F16NOY","ARPBDM5QZ4XQC","Approved","Sun Mar 20 16:42:56 PDT 2022","Sun Mar 20 16:45:10 PDT 2022","Wed Mar 23 16:45:10 PDT 2022","Mon Mar 21 15:06:23 PDT 2022","","","134","100% (6/6)","0% (0/0)","0% (0/0)","44","269","2","is-not-biased","United States","1","Male","","","1","English","2: 07","CNN","Independent","It was a fact based article that quoted people the facts, not biased","9","","","1","https://www.cnn.com/2022/03/20/entertainment/kanye-west-banned-grammys-trevor-noah/index.html"
"3J9L0X0VDGGOZ2NKLFSL37PBRW7W9S","3IRHJ9AYT2QWH99X1CDPKLRTSGIGNL","Media Bias in web articles [3-5 minutes]","Give us your opinion on bias in web articles","survey","$0.25","Sun Mar 20 16:40:15 PDT 2022","100","BatchId:4695835;OriginalHitTemplateId:928390912;","3600","259200","Sun Mar 27 16:40:15 PDT 2022","","","35H6S234SCU9RK3VI972IHHO3GF655","A3VCGIVOQAQQH1","Approved","Sun Mar 20 17:43:55 PDT 2022","Sun Mar 20 17:46:15 PDT 2022","Wed Mar 23 17:46:15 PDT 2022","Mon Mar 21 15:06:18 PDT 2022","","","140","100% (3/3)","0% (0/0)","0% (0/0)","28","85","2","is-biased","United States","10","Male","","","20","English","1: 34","CNN","Independent","Your answer here","10","","","10","https://www.cnn.com/2022/03/20/us/ocean-drive-miami-shooting-injured/index.html"
"3J9L0X0VDGGOZ2NKLFSL37PBRW7W9S","3IRHJ9AYT2QWH99X1CDPKLRTSGIGNL","Media Bias in web articles [3-5 minutes]","Give us your opinion on bias in web articles","survey","$0.25","Sun Mar 20 16:40:15 PDT 2022","100","BatchId:4695835;OriginalHitTemplateId:928390912;","3600","259200","Sun Mar 27 16:40:15 PDT 2022","","","3A7Y0R2P2QIUHY2C8YKMJ4DDIL6XJ9","AQ9G5UUY1NFNA","Approved","Sun Mar 20 16:42:58 PDT 2022","Sun Mar 20 16:45:34 PDT 2022","Wed Mar 23 16:45:34 PDT 2022","Mon Mar 21 15:06:22 PDT 2022","","","156","100% (6/6)","0% (0/0)","0% (0/0)","28","275","2","is-not-biased","United States","0","Male","5","","0","English","2: 20","BBC","Conservative","No bias was shown.","2","Snapchat","","1","https://www.bbc.co.uk/news/world-us-canada-60789022"
"3J9L0X0VDGGOZ2NKLFSL37PBRW7W9S","3IRHJ9AYT2QWH99X1CDPKLRTSGIGNL","Media Bias in web articles [3-5 minutes]","Give us your opinion on bias in web articles","survey","$0.25","Sun Mar 20 16:40:15 PDT 2022","100","BatchId:4695835;OriginalHitTemplateId:928390912;","3600","259200","Sun Mar 27 16:40:15 PDT 2022","","","3ZAZR5XV03CWEFWLZORLTLGT01VZCU","A3P4UOAZJ9BWVV","Approved","Sun Mar 20 17:42:40 PDT 2022","Sun Mar 20 17:45:25 PDT 2022","Wed Mar 23 17:45:25 PDT 2022","Mon Mar 21 15:06:17 PDT 2022","","","165","100% (3/3)","0% (0/0)","0% (0/0)","35","309","2","is-biased","United States","40","Male","","","56","English","2: 20","BBC","Liberal","instagram","5","","","10","https://www.bbc.co.uk/news/world-us-canada-60758401"
"3J9L0X0VDGGOZ2NKLFSL37PBRW7W9S","3IRHJ9AYT2QWH99X1CDPKLRTSGIGNL","Media Bias in web articles [3-5 minutes]","Give us your opinion on bias in web articles","survey","$0.25","Sun Mar 20 16:40:15 PDT 2022","100","BatchId:4695835;OriginalHitTemplateId:928390912;","3600","259200","Sun Mar 27 16:40:15 PDT 2022","","","3TVRFO09GM90COQCBJWZZJQ5MABXLB","A37DSN1G1BM9NL","Approved","Sun Mar 20 16:43:08 PDT 2022","Sun Mar 20 16:46:12 PDT 2022","Wed Mar 23 16:46:12 PDT 2022","Mon Mar 21 15:06:15 PDT 2022","","","184","100% (2/2)","0% (0/0)","0% (0/0)","21","411","2","is-biased","United States","4","Female","2","","5","English","2: 39","CNN","Liberal","biased","4","snapchat","","7","https://www.cnn.com/2022/03/20/us/all-black-women-army-congressional-gold-medal/index.html"
"3J9L0X0VDGGOZ2NKLFSL37PBRW7W9S","3IRHJ9AYT2QWH99X1CDPKLRTSGIGNL","Media Bias in web articles [3-5 minutes]","Give us your opinion on bias in web articles","survey","$0.25","Sun Mar 20 16:40:15 PDT 2022","100","BatchId:4695835;OriginalHitTemplateId:928390912;","3600","259200","Sun Mar 27 16:40:15 PDT 2022","","","3II4UPYCOL1X5F18CO3JMYM7GYPDQH","A183QDBPBD1V8F","Approved","Sun Mar 20 17:43:45 PDT 2022","Sun Mar 20 17:46:52 PDT 2022","Wed Mar 23 17:46:52 PDT 2022","Mon Mar 21 15:06:07 PDT 2022","","","187","100% (1/1)","0% (0/0)","0% (0/0)","25","491","2","is-biased","United States","5","Female","","","7","English","1: 48","BBC","Independent","Your answer here","5","","","6","https://www.bbc.co.uk/news/world-us-canada-60797948"
"3J9L0X0VDGGOZ2NKLFSL37PBRW7W9S","3IRHJ9AYT2QWH99X1CDPKLRTSGIGNL","Media Bias in web articles [3-5 minutes]","Give us your opinion on bias in web articles","survey","$0.25","Sun Mar 20 16:40:15 PDT 2022","100","BatchId:4695835;OriginalHitTemplateId:928390912;","3600","259200","Sun Mar 27 16:40:15 PDT 2022","","","39O5D9O87VMVTMPSEHWCPKBEL6Z3C4","A1NOI849V6DAIB","Approved","Sun Mar 20 17:45:21 PDT 2022","Sun Mar 20 17:48:39 PDT 2022","Wed Mar 23 17:48:39 PDT 2022","Mon Mar 21 15:06:09 PDT 2022","","","198","100% (1/1)","0% (0/0)","0% (0/0)","25","395","2","is-biased","United States","7","Male","","","5","English","2: 54","CNN","Independent","Your answer here","3","","","6","https://www.cnn.com/2022/03/20/entertainment/kanye-west-banned-grammys-trevor-noah/index.html"
"3J9L0X0VDGGOZ2NKLFSL37PBRW7W9S","3IRHJ9AYT2QWH99X1CDPKLRTSGIGNL","Media Bias in web articles [3-5 minutes]","Give us your opinion on bias in web articles","survey","$0.25","Sun Mar 20 16:40:15 PDT 2022","100","BatchId:4695835;OriginalHitTemplateId:928390912;","3600","259200","Sun Mar 27 16:40:15 PDT 2022","","","3Z4XG4ZF4AL5XH6THUNVUE4Z2ACX8P","A2Z2OV7QGU10QN","Approved","Sun Mar 20 16:42:19 PDT 2022","Sun Mar 20 16:45:38 PDT 2022","Wed Mar 23 16:45:38 PDT 2022","Mon Mar 21 15:06:14 PDT 2022","","","199","100% (2/2)","0% (0/0)","0% (0/0)","32","148","2","is-not-biased","United States","6","Male","10","","6","English","2: 51","FOX","Liberal","There was no bias because of the dangers clearly illustrated and actual incidents reported. The parts of arrests being made proved it.","0","Youtube","","0","https://www.foxnews.com/us/police-warning-about-dangerous-new-tiktok-challenge-sweeping-us"
"3J9L0X0VDGGOZ2NKLFSL37PBRW7W9S","3IRHJ9AYT2QWH99X1CDPKLRTSGIGNL","Media Bias in web articles [3-5 minutes]","Give us your opinion on bias in web articles","survey","$0.25","Sun Mar 20 16:40:15 PDT 2022","100","BatchId:4695835;OriginalHitTemplateId:928390912;","3600","259200","Sun Mar 27 16:40:15 PDT 2022","","","3MD9PLUKKK8F5JTCOE0Z9WA5Z59ZNC","A2K0L9M1ZZO5C9","Approved","Sun Mar 20 16:43:20 PDT 2022","Sun Mar 20 16:46:40 PDT 2022","Wed Mar 23 16:46:40 PDT 2022","Mon Mar 21 15:06:12 PDT 2022","","","200","100% (2/2)","0% (0/0)","0% (0/0)","43","294","2","is-not-biased","United States","10","Female","","","4","English","3: 10","CNN","Other","Because when I read it they were not trying to persuade anyone. Usually when I read something that is biased it's that person trying to persuade the one who's reading it by saying outlandish things.","3","","","2","https://www.cnn.com/2022/03/20/media/reliable-sources-kyiv-independent/index.html"
"3J9L0X0VDGGOZ2NKLFSL37PBRW7W9S","3IRHJ9AYT2QWH99X1CDPKLRTSGIGNL","Media Bias in web articles [3-5 minutes]","Give us your opinion on bias in web articles","survey","$0.25","Sun Mar 20 16:40:15 PDT 2022","100","BatchId:4695835;OriginalHitTemplateId:928390912;","3600","259200","Sun Mar 27 16:40:15 PDT 2022","","","3UWN2HHPU0ZI477YTM6RD3D2CQ9NSV","ATZDNSM1H7V8J","Approved","Sun Mar 20 16:43:14 PDT 2022","Sun Mar 20 16:46:36 PDT 2022","Wed Mar 23 16:46:36 PDT 2022","Mon Mar 21 15:06:23 PDT 2022","","","202","100% (2/2)","0% (0/0)","0% (0/0)","42","261","2","is-biased","United States","4","Male","","","7","English","2: 52","CNN","Conservative","good","2","","","3","https://www.cnn.com/2022/03/20/us/rare-snake-alabama-trnd/index.html"
"3J9L0X0VDGGOZ2NKLFSL37PBRW7W9S","3IRHJ9AYT2QWH99X1CDPKLRTSGIGNL","Media Bias in web articles [3-5 minutes]","Give us your opinion on bias in web articles","survey","$0.25","Sun Mar 20 16:40:15 PDT 2022","100","BatchId:4695835;OriginalHitTemplateId:928390912;","3600","259200","Sun Mar 27 16:40:15 PDT 2022","","","3WMOAN2SRDRYWZO2NHBWOQX9BU5VNA","A2UJIT3KHTYP0U","Approved","Sun Mar 20 17:37:10 PDT 2022","Sun Mar 20 17:40:42 PDT 2022","Wed Mar 23 17:40:42 PDT 2022","Mon Mar 21 15:06:14 PDT 2022","","","212","100% (1/1)","0% (0/0)","0% (0/0)","39","408","2","is-biased","United States","4","Female","","","6","English","3: 04","FOX","Liberal","INSTAGRAM.","3","","","3","https://www.foxnews.com/us/project-cure-nonprofit-medical-supplies-ukraine-logistics-russia-war"
"3J9L0X0VDGGOZ2NKLFSL37PBRW7W9S","3IRHJ9AYT2QWH99X1CDPKLRTSGIGNL","Media Bias in web articles [3-5 minutes]","Give us your opinion on bias in web articles","survey","$0.25","Sun Mar 20 16:40:15 PDT 2022","100","BatchId:4695835;OriginalHitTemplateId:928390912;","3600","259200","Sun Mar 27 16:40:15 PDT 2022","","","32AT8R96GN3VZXR7QNIDRY5WKM3USV","A1BAYQD31KWJRI","Approved","Sun Mar 20 17:09:30 PDT 2022","Sun Mar 20 17:13:09 PDT 2022","Wed Mar 23 17:13:09 PDT 2022","Mon Mar 21 15:06:08 PDT 2022","","","219","100% (1/1)","0% (0/0)","0% (0/0)","56","89","2","is-not-biased","United States","4","Male","","","8","English","2: 55","FOX","Conservative","r here","2","","","11","https://www.foxnews.com/us/harvard-police-station-closed"
"3J9L0X0VDGGOZ2NKLFSL37PBRW7W9S","3IRHJ9AYT2QWH99X1CDPKLRTSGIGNL","Media Bias in web articles [3-5 minutes]","Give us your opinion on bias in web articles","survey","$0.25","Sun Mar 20 16:40:15 PDT 2022","100","BatchId:4695835;OriginalHitTemplateId:928390912;","3600","259200","Sun Mar 27 16:40:15 PDT 2022","","","3OB0CAO74JJNQXXWPU33Q5477ZYYHD","A28L0Q6S2GGBJQ","Approved","Sun Mar 20 17:44:05 PDT 2022","Sun Mar 20 17:47:53 PDT 2022","Wed Mar 23 17:47:53 PDT 2022","Mon Mar 21 15:06:11 PDT 2022","","","228","100% (3/3)","0% (0/0)","0% (0/0)","25","134","2","is-biased","United States","7","Female","","","5","English","2: 31","BBC","Independent","Your answer here","3","","","5","https://www.bbc.co.uk/news/business-60781625"
"3J9L0X0VDGGOZ2NKLFSL37PBRW7W9S","3IRHJ9AYT2QWH99X1CDPKLRTSGIGNL","Media Bias in web articles [3-5 minutes]","Give us your opinion on bias in web articles","survey","$0.25","Sun Mar 20 16:40:15 PDT 2022","100","BatchId:4695835;OriginalHitTemplateId:928390912;","3600","259200","Sun Mar 27 16:40:15 PDT 2022","","","3M81GAB8A2D4QI3OYSCDR8Y7DDAQBK","A3I0UMZRAY1BLE","Approved","Sun Mar 20 17:43:05 PDT 2022","Sun Mar 20 17:47:00 PDT 2022","Wed Mar 23 17:47:00 PDT 2022","Mon Mar 21 15:06:17 PDT 2022","","","235","100% (2/2)","0% (0/0)","0% (0/0)","38","401","2","is-biased","United States","6","Female","","","4","English","2: 33","BBC","Liberal","facebook","8","","","8","https://www.bbc.co.uk/news/world-us-canada-60699186"
"3J9L0X0VDGGOZ2NKLFSL37PBRW7W9S","3IRHJ9AYT2QWH99X1CDPKLRTSGIGNL","Media Bias in web articles [3-5 minutes]","Give us your opinion on bias in web articles","survey","$0.25","Sun Mar 20 16:40:15 PDT 2022","100","BatchId:4695835;OriginalHitTemplateId:928390912;","3600","259200","Sun Mar 27 16:40:15 PDT 2022","","","3WQQ9FUS6COYKE3SCYVD5HD7J7RB8X","A25VNYKP7SASYC","Approved","Sun Mar 20 17:44:01 PDT 2022","Sun Mar 20 17:48:01 PDT 2022","Wed Mar 23 17:48:01 PDT 2022","Mon Mar 21 15:06:11 PDT 2022","","","240","100% (1/1)","0% (0/0)","0% (0/0)","33","73","2","is-not-biased","India","1","Male","","","3","English","2: 17","BBC","Independent","Middle part","0","","","1","https://www.bbc.co.uk/news/world-us-canada-60789022"
"3J9L0X0VDGGOZ2NKLFSL37PBRW7W9S","3IRHJ9AYT2QWH99X1CDPKLRTSGIGNL","Media Bias in web articles [3-5 minutes]","Give us your opinion on bias in web articles","survey","$0.25","Sun Mar 20 16:40:15 PDT 2022","100","BatchId:4695835;OriginalHitTemplateId:928390912;","3600","259200","Sun Mar 27 16:40:15 PDT 2022","","","3VFJCI1K41T0T0QZRTTRX9Z9PC6GRU","A3AEDP9RAR9J17","Approved","Sun Mar 20 17:20:12 PDT 2022","Sun Mar 20 17:24:14 PDT 2022","Wed Mar 23 17:24:14 PDT 2022","Mon Mar 21 15:06:16 PDT 2022","","","242","100% (1/1)","0% (0/0)","0% (0/0)","31","259","2","is-biased","United States","7","Male","3","","9","English","1: 38","CNN","Conservative","good","9","gpmuthu oficial","","8","https://www.cnn.com/2022/03/20/entertainment/kanye-west-banned-grammys-trevor-noah/index.html"
"3J9L0X0VDGGOZ2NKLFSL37PBRW7W9S","3IRHJ9AYT2QWH99X1CDPKLRTSGIGNL","Media Bias in web articles [3-5 minutes]","Give us your opinion on bias in web articles","survey","$0.25","Sun Mar 20 16:40:15 PDT 2022","100","BatchId:4695835;OriginalHitTemplateId:928390912;","3600","259200","Sun Mar 27 16:40:15 PDT 2022","","","3VHP9MDGRPEQ9Y5LYCXEQT0BOW2FCN","A3SMFA2CW93AO2","Approved","Sun Mar 20 17:07:51 PDT 2022","Sun Mar 20 17:12:03 PDT 2022","Wed Mar 23 17:12:03 PDT 2022","Mon Mar 21 15:06:18 PDT 2022","","","252","100% (4/4)","0% (0/0)","0% (0/0)","42","237","2","is-biased","United States","3","Female","","","4","English","3: 32","BBC","Liberal","INSTAGRAM.","3","","","2","https://www.bbc.co.uk/news/entertainment-arts-60647486"
"3J9L0X0VDGGOZ2NKLFSL37PBRW7W9S","3IRHJ9AYT2QWH99X1CDPKLRTSGIGNL","Media Bias in web articles [3-5 minutes]","Give us your opinion on bias in web articles","survey","$0.25","Sun Mar 20 16:40:15 PDT 2022","100","BatchId:4695835;OriginalHitTemplateId:928390912;","3600","259200","Sun Mar 27 16:40:15 PDT 2022","","","3I02618YA20YM5BFY6EJWT0LX2VUPE","A211TN268BD80Q","Approved","Sun Mar 20 16:42:52 PDT 2022","Sun Mar 20 16:47:08 PDT 2022","Wed Mar 23 16:47:08 PDT 2022","Mon Mar 21 15:06:11 PDT 2022","","","256","100% (1/1)","0% (0/0)","0% (0/0)","40","106","2","is-biased","United States","15","Male","","","10","English","4: 03","FOX","Liberal","political","2","","","7","https://www.foxnews.com/us/yale-university-free-speech-panel-disrupted"
"3J9L0X0VDGGOZ2NKLFSL37PBRW7W9S","3IRHJ9AYT2QWH99X1CDPKLRTSGIGNL","Media Bias in web articles [3-5 minutes]","Give us your opinion on bias in web articles","survey","$0.25","Sun Mar 20 16:40:15 PDT 2022","100","BatchId:4695835;OriginalHitTemplateId:928390912;","3600","259200","Sun Mar 27 16:40:15 PDT 2022","","","3S4AW7T80DC9EM22R8UU28T7TF74L4","ALYR5CI2SM2JC","Approved","Sun Mar 20 16:42:21 PDT 2022","Sun Mar 20 16:46:38 PDT 2022","Wed Mar 23 16:46:38 PDT 2022","Mon Mar 21 15:06:21 PDT 2022","","","257","100% (5/5)","0% (0/0)","0% (0/0)","32","26","2","is-biased","United States","1","Male","","","2","English","4: 02","FOX","Liberal","The article was very biased in my opinion and FOX news is a right-wing propaganda machine.","14","","","5","https://www.foxnews.com/us/yale-university-free-speech-panel-disrupted"
"3J9L0X0VDGGOZ2NKLFSL37PBRW7W9S","3IRHJ9AYT2QWH99X1CDPKLRTSGIGNL","Media Bias in web articles [3-5 minutes]","Give us your opinion on bias in web articles","survey","$0.25","Sun Mar 20 16:40:15 PDT 2022","100","BatchId:4695835;OriginalHitTemplateId:928390912;","3600","259200","Sun Mar 27 16:40:15 PDT 2022","","","3ATTHHXXWCIYMNI6QGZM73YD56KIXL","A2P21BAUR2XSUL","Approved","Sun Mar 20 17:46:30 PDT 2022","Sun Mar 20 17:50:56 PDT 2022","Wed Mar 23 17:50:56 PDT 2022","Mon Mar 21 15:06:13 PDT 2022","","","266","100% (1/1)","0% (0/0)","0% (0/0)","25","301","2","is-biased","United States","4","Male","","","5","English","1: 46","BBC","Liberal","Your answer here","3","","","7","https://www.bbc.co.uk/news/world-us-canada-60810468"
"3J9L0X0VDGGOZ2NKLFSL37PBRW7W9S","3IRHJ9AYT2QWH99X1CDPKLRTSGIGNL","Media Bias in web articles [3-5 minutes]","Give us your opinion on bias in web articles","survey","$0.25","Sun Mar 20 16:40:15 PDT 2022","100","BatchId:4695835;OriginalHitTemplateId:928390912;","3600","259200","Sun Mar 27 16:40:15 PDT 2022","","","3PZDLQMM0VF684T9AHI76A6MFSX2CQ","A2IIR8HTRXPBOK","Approved","Sun Mar 20 16:42:30 PDT 2022","Sun Mar 20 16:47:04 PDT 2022","Wed Mar 23 16:47:04 PDT 2022","Mon Mar 21 15:06:12 PDT 2022","","","274","100% (2/2)","0% (0/0)","0% (0/0)","41","344","2","is-not-biased","United States","1","Female","","","0","English","4: 19","FOX","Conservative","I did not notice a motivation for bias towards one way or another.","0","","","0","https://www.foxnews.com/us/harvard-police-station-closed"
"3J9L0X0VDGGOZ2NKLFSL37PBRW7W9S","3IRHJ9AYT2QWH99X1CDPKLRTSGIGNL","Media Bias in web articles [3-5 minutes]","Give us your opinion on bias in web articles","survey","$0.25","Sun Mar 20 16:40:15 PDT 2022","100","BatchId:4695835;OriginalHitTemplateId:928390912;","3600","259200","Sun Mar 27 16:40:15 PDT 2022","","","3YDGXNSEO1OEZFIJXJLQX3719F848I","A3E1EKQNA3KWCC","Approved","Sun Mar 20 17:08:46 PDT 2022","Sun Mar 20 17:13:25 PDT 2022","Wed Mar 23 17:13:25 PDT 2022","Mon Mar 21 15:06:16 PDT 2022","","","279","100% (1/1)","0% (0/0)","0% (0/0)","43","377","2","is-biased","United States","1","Female","","","32","English","3: 19","CNN","Liberal","facebook","4","","","3","https://www.cnn.com/2022/03/20/opinions/ukraine-biden-peace-deal-dowling/index.html"
"3J9L0X0VDGGOZ2NKLFSL37PBRW7W9S","3IRHJ9AYT2QWH99X1CDPKLRTSGIGNL","Media Bias in web articles [3-5 minutes]","Give us your opinion on bias in web articles","survey","$0.25","Sun Mar 20 16:40:15 PDT 2022","100","BatchId:4695835;OriginalHitTemplateId:928390912;","3600","259200","Sun Mar 27 16:40:15 PDT 2022","","","3NPFYT4IZEYKQWCB0SZJMRLXQTPXG5","A3MV2FPJ3OYFK1","Approved","Sun Mar 20 16:42:51 PDT 2022","Sun Mar 20 16:47:35 PDT 2022","Wed Mar 23 16:47:35 PDT 2022","Mon Mar 21 15:06:17 PDT 2022","","","284","100% (1/1)","0% (0/0)","0% (0/0)","68","307","2","is-biased","United States","5","Female","","","12","English","3: 26","CNN","Liberal","unwanted war against Ukraine .","3","","","5","https://www.cnn.com/2022/03/20/entertainment/kyiv-calling-ukrainian-band-covers-the-clash-trnd/index.html"
"3J9L0X0VDGGOZ2NKLFSL37PBRW7W9S","3IRHJ9AYT2QWH99X1CDPKLRTSGIGNL","Media Bias in web articles [3-5 minutes]","Give us your opinion on bias in web articles","survey","$0.25","Sun Mar 20 16:40:15 PDT 2022","100","BatchId:4695835;OriginalHitTemplateId:928390912;","3600","259200","Sun Mar 27 16:40:15 PDT 2022","","","3HYA4D452TDDBGDJ1J88EGRPC5P2F1","A3UBH7E0BEB23K","Approved","Sun Mar 20 16:43:20 PDT 2022","Sun Mar 20 16:48:05 PDT 2022","Wed Mar 23 16:48:05 PDT 2022","Mon Mar 21 15:06:18 PDT 2022","","","285","100% (6/6)","0% (0/0)","0% (0/0)","56","99","2","is-biased","United States","1","Male","","","3","English","4: 03","BBC","Liberal","I AM NOT SURE.","1","","","4","https://www.bbc.co.uk/news/business-60333565"
"3J9L0X0VDGGOZ2NKLFSL37PBRW7W9S","3IRHJ9AYT2QWH99X1CDPKLRTSGIGNL","Media Bias in web articles [3-5 minutes]","Give us your opinion on bias in web articles","survey","$0.25","Sun Mar 20 16:40:15 PDT 2022","100","BatchId:4695835;OriginalHitTemplateId:928390912;","3600","259200","Sun Mar 27 16:40:15 PDT 2022","","","3OF2M9AATIIEXD89R18JH4T15A4ZK7","A7Z60ZDQKSQ65","Approved","Sun Mar 20 16:49:19 PDT 2022","Sun Mar 20 16:54:18 PDT 2022","Wed Mar 23 16:54:18 PDT 2022","Mon Mar 21 15:06:19 PDT 2022","","","299","100% (2/2)","0% (0/0)","0% (0/0)","31","410","2","is-biased","United States","5","Female","","","6","English","2: 40","BBC","Liberal","Your answer here","2","","","3","https://www.bbc.co.uk/news/entertainment-arts-60647486"
"3J9L0X0VDGGOZ2NKLFSL37PBRW7W9S","3IRHJ9AYT2QWH99X1CDPKLRTSGIGNL","Media Bias in web articles [3-5 minutes]","Give us your opinion on bias in web articles","survey","$0.25","Sun Mar 20 16:40:15 PDT 2022","100","BatchId:4695835;OriginalHitTemplateId:928390912;","3600","259200","Sun Mar 27 16:40:15 PDT 2022","","","35DR22AR5FEJWK0N5DSZ3XWOMOKX3X","A3TTGSUBIK1YCL","Approved","Sun Mar 20 16:41:07 PDT 2022","Sun Mar 20 16:46:10 PDT 2022","Wed Mar 23 16:46:10 PDT 2022","Mon Mar 21 15:06:18 PDT 2022","","","303","100% (3/3)","0% (0/0)","0% (0/0)","41","299","2","is-not-biased","Brazil","1000","Male","","","1000","Portuguese","2: 48","FOX","Liberal","Your answer here","0","","","1000","https://www.foxnews.com/us/plea-deal-philadelphia-woman-set-cop-cars-fire-george-floyd-protests"
"3J9L0X0VDGGOZ2NKLFSL37PBRW7W9S","3IRHJ9AYT2QWH99X1CDPKLRTSGIGNL","Media Bias in web articles [3-5 minutes]","Give us your opinion on bias in web articles","survey","$0.25","Sun Mar 20 16:40:15 PDT 2022","100","BatchId:4695835;OriginalHitTemplateId:928390912;","3600","259200","Sun Mar 27 16:40:15 PDT 2022","","","3NOKK93PR32D0IP3ZSJ3YZFEX70EEX","AMP43R3RISC1J","Approved","Sun Mar 20 17:01:00 PDT 2022","Sun Mar 20 17:06:11 PDT 2022","Wed Mar 23 17:06:11 PDT 2022","Mon Mar 21 15:06:21 PDT 2022","","","311","100% (2/2)","0% (0/0)","0% (0/0)","36","268","2","is-biased","Other","2","Female","","","3","Other","1: 39","BBC","Conservative","Your answer here","1","","","2","https://www.bbc.co.uk/news/uk-northern-ireland-60749788"
"3J9L0X0VDGGOZ2NKLFSL37PBRW7W9S","3IRHJ9AYT2QWH99X1CDPKLRTSGIGNL","Media Bias in web articles [3-5 minutes]","Give us your opinion on bias in web articles","survey","$0.25","Sun Mar 20 16:40:15 PDT 2022","100","BatchId:4695835;OriginalHitTemplateId:928390912;","3600","259200","Sun Mar 27 16:40:15 PDT 2022","","","33JKGHPFYEOF6CUT9PA51UEWK1RNMJ","A35HIV9BA5YKF7","Approved","Sun Mar 20 16:42:39 PDT 2022","Sun Mar 20 16:47:56 PDT 2022","Wed Mar 23 16:47:56 PDT 2022","Mon Mar 21 15:06:15 PDT 2022","","","317","100% (4/4)","0% (0/0)","0% (0/0)","21","463","2","is-biased","United States","50","Female","","","40","English","4: 24","FOX","Liberal","None","5","","","10","https://www.foxnews.com/us/la-county-sheriff-helicopter-crash"
"3J9L0X0VDGGOZ2NKLFSL37PBRW7W9S","3IRHJ9AYT2QWH99X1CDPKLRTSGIGNL","Media Bias in web articles [3-5 minutes]","Give us your opinion on bias in web articles","survey","$0.25","Sun Mar 20 16:40:15 PDT 2022","100","BatchId:4695835;OriginalHitTemplateId:928390912;","3600","259200","Sun Mar 27 16:40:15 PDT 2022","","","3IO1LGZLKBRSE2MXG7E5U1RF56E867","ANQT8ZXS2SZ70","Approved","Sun Mar 20 16:55:49 PDT 2022","Sun Mar 20 17:01:06 PDT 2022","Wed Mar 23 17:01:06 PDT 2022","Mon Mar 21 15:06:21 PDT 2022","","","317","100% (5/5)","0% (0/0)","0% (0/0)","39","65","2","is-biased","United States","2","Female","","","4","English","4: 40","CNN","Liberal","INSTAGRAM.","2","","","3","https://www.cnn.com/2022/03/20/us/rare-snake-alabama-trnd/index.html"
"3J9L0X0VDGGOZ2NKLFSL37PBRW7W9S","3IRHJ9AYT2QWH99X1CDPKLRTSGIGNL","Media Bias in web articles [3-5 minutes]","Give us your opinion on bias in web articles","survey","$0.25","Sun Mar 20 16:40:15 PDT 2022","100","BatchId:4695835;OriginalHitTemplateId:928390912;","3600","259200","Sun Mar 27 16:40:15 PDT 2022","","","3EG49X351W6IT3N5OFQXA088WFMX63","A1BBBSFC3ZFZ3G","Approved","Sun Mar 20 17:43:33 PDT 2022","Sun Mar 20 17:48:51 PDT 2022","Wed Mar 23 17:48:51 PDT 2022","Mon Mar 21 15:06:08 PDT 2022","","","318","100% (1/1)","0% (0/0)","0% (0/0)","34","36","2","is-biased","United States","7","Male","","","7","English","4: 32","BBC","Liberal","Your answer here","1","","","8","https://www.bbc.co.uk/news/world-us-canada-60799659"
"3J9L0X0VDGGOZ2NKLFSL37PBRW7W9S","3IRHJ9AYT2QWH99X1CDPKLRTSGIGNL","Media Bias in web articles [3-5 minutes]","Give us your opinion on bias in web articles","survey","$0.25","Sun Mar 20 16:40:15 PDT 2022","100","BatchId:4695835;OriginalHitTemplateId:928390912;","3600","259200","Sun Mar 27 16:40:15 PDT 2022","","","3KIBXJ1WD7O2Y9U2PSX216MXL61KOQ","A3L1ONCPITHE35","Approved","Sun Mar 20 16:42:53 PDT 2022","Sun Mar 20 16:48:14 PDT 2022","Wed Mar 23 16:48:14 PDT 2022","Mon Mar 21 15:06:17 PDT 2022","","","321","100% (1/1)","0% (0/0)","0% (0/0)","28","484","2","is-biased","Canada","40","Male","80","","3","English","5: 11","CNN","Liberal","The entire premise of this article and how it is written is to appeal to certain groups and use the current conflict as a backdrop for fame. The band is playing music from a famous group...okay but I don't know or care about this group, why are they doing it, this is a nice feel good biased piece, but ultimately thats what it is, a biased piece. I would try to focus more on WHY they are doing so, the band should be the backdrop, the conflict is more important that a band exploiting it to appeal to punk genre music by getting the rights to a famous band.","1","Twitch","","0","https://www.cnn.com/2022/03/20/entertainment/kyiv-calling-ukrainian-band-covers-the-clash-trnd/index.html"
"3J9L0X0VDGGOZ2NKLFSL37PBRW7W9S","3IRHJ9AYT2QWH99X1CDPKLRTSGIGNL","Media Bias in web articles [3-5 minutes]","Give us your opinion on bias in web articles","survey","$0.25","Sun Mar 20 16:40:15 PDT 2022","100","BatchId:4695835;OriginalHitTemplateId:928390912;","3600","259200","Sun Mar 27 16:40:15 PDT 2022","","","3TXMY6UCAGIN0NVUCS882S4PVYAQCR","A3BQFZUNP490FB","Approved","Sun Mar 20 18:16:22 PDT 2022","Sun Mar 20 18:21:50 PDT 2022","Wed Mar 23 18:21:50 PDT 2022","Mon Mar 21 15:06:16 PDT 2022","","","328","100% (1/1)","0% (0/0)","0% (0/0)","40","331","2","is-biased","United States","2","Female","","","1","English","4: 31","FOX","Conservative","Your answer herei want to artical news and different kind of basic technology.","1","","","1","https://www.foxnews.com/us/nyc-landlord-tenants-paying-rent"
"3J9L0X0VDGGOZ2NKLFSL37PBRW7W9S","3IRHJ9AYT2QWH99X1CDPKLRTSGIGNL","Media Bias in web articles [3-5 minutes]","Give us your opinion on bias in web articles","survey","$0.25","Sun Mar 20 16:40:15 PDT 2022","100","BatchId:4695835;OriginalHitTemplateId:928390912;","3600","259200","Sun Mar 27 16:40:15 PDT 2022","","","3MH9DQ757Y6S9SIGVNOW2KMTWB8UGA","A2PQSLX8AGO3J2","Approved","Sun Mar 20 17:42:41 PDT 2022","Sun Mar 20 17:48:21 PDT 2022","Wed Mar 23 17:48:21 PDT 2022","Mon Mar 21 15:06:13 PDT 2022","","","340","100% (5/5)","0% (0/0)","0% (0/0)","36","285","2","is-biased","United States","2","Male","","","2","English","2: 23","CNN","Conservative","Our president save and maintain our country.","1","","","2","https://www.cnn.com/2022/03/20/us/all-black-women-army-congressional-gold-medal/index.html"
"3J9L0X0VDGGOZ2NKLFSL37PBRW7W9S","3IRHJ9AYT2QWH99X1CDPKLRTSGIGNL","Media Bias in web articles [3-5 minutes]","Give us your opinion on bias in web articles","survey","$0.25","Sun Mar 20 16:40:15 PDT 2022","100","BatchId:4695835;OriginalHitTemplateId:928390912;","3600","259200","Sun Mar 27 16:40:15 PDT 2022","","","3TOK3KHVJVCE3UNI6Y8TX1HBFM37O9","AR7YVFSEA4MWY","Approved","Sun Mar 20 17:09:32 PDT 2022","Sun Mar 20 17:15:30 PDT 2022","Wed Mar 23 17:15:30 PDT 2022","Mon Mar 21 15:06:22 PDT 2022","","","358","100% (1/1)","0% (0/0)","0% (0/0)","31","372","2","is-biased","United States","31","Male","","","8","English","4: 48","BBC","Conservative","its very conservite good","5","","","3","https://www.bbc.co.uk/news/world-us-canada-60799659"
"3J9L0X0VDGGOZ2NKLFSL37PBRW7W9S","3IRHJ9AYT2QWH99X1CDPKLRTSGIGNL","Media Bias in web articles [3-5 minutes]","Give us your opinion on bias in web articles","survey","$0.25","Sun Mar 20 16:40:15 PDT 2022","100","BatchId:4695835;OriginalHitTemplateId:928390912;","3600","259200","Sun Mar 27 16:40:15 PDT 2022","","","39ASUFLU6Z1M6IGKUX9VMO0LDDAXEO","A2CPJ227RHJRRZ","Approved","Sun Mar 20 16:42:46 PDT 2022","Sun Mar 20 16:48:47 PDT 2022","Wed Mar 23 16:48:47 PDT 2022","Mon Mar 21 15:06:12 PDT 2022","","","361","100% (2/2)","0% (0/0)","0% (0/0)","39","59","2","is-biased","Brazil","3","Male","20","","2","English","5: 37","CNN","Independent","The language used incited a ""call for action"" lacking editorial neutrality, which would make sense because of the song and situation, but unfitting for journalism.","40","Hacker News","","7","https://www.cnn.com/2022/03/20/entertainment/kyiv-calling-ukrainian-band-covers-the-clash-trnd/index.html"
"3J9L0X0VDGGOZ2NKLFSL37PBRW7W9S","3IRHJ9AYT2QWH99X1CDPKLRTSGIGNL","Media Bias in web articles [3-5 minutes]","Give us your opinion on bias in web articles","survey","$0.25","Sun Mar 20 16:40:15 PDT 2022","100","BatchId:4695835;OriginalHitTemplateId:928390912;","3600","259200","Sun Mar 27 16:40:15 PDT 2022","","","39LOEL67OUZTHJZFX5G7NYFVVFE38Y","A215YO3EZIYR2C","Approved","Sun Mar 20 17:43:50 PDT 2022","Sun Mar 20 17:50:28 PDT 2022","Wed Mar 23 17:50:28 PDT 2022","Mon Mar 21 15:06:11 PDT 2022","","","398","100% (1/1)","0% (0/0)","0% (0/0)","31","256","2","is-not-biased","United States","3","Female","","","5","English","5: 53","BBC","Conservative","President was insisting that law should be passed to stop insulating with hair discrimination","1","","","7","https://www.bbc.co.uk/news/world-us-canada-60798834"
"3J9L0X0VDGGOZ2NKLFSL37PBRW7W9S","3IRHJ9AYT2QWH99X1CDPKLRTSGIGNL","Media Bias in web articles [3-5 minutes]","Give us your opinion on bias in web articles","survey","$0.25","Sun Mar 20 16:40:15 PDT 2022","100","BatchId:4695835;OriginalHitTemplateId:928390912;","3600","259200","Sun Mar 27 16:40:15 PDT 2022","","","3UXUOQ9OKGRP1QTHWF3BW6X6Q5Y7A9","A38GCR3UPDI9FP","Approved","Sun Mar 20 16:54:23 PDT 2022","Sun Mar 20 17:01:20 PDT 2022","Wed Mar 23 17:01:20 PDT 2022","Mon Mar 21 15:06:15 PDT 2022","","","417","100% (2/2)","0% (0/0)","0% (0/0)","25","480","2","is-biased","United States","3","Male","","","5","English","3: 20","FOX","Liberal","good entertainment","1","","","1","https://www.foxnews.com/us/4-people-shot-near-south-by-southwest-festival-in-texas"
"3J9L0X0VDGGOZ2NKLFSL37PBRW7W9S","3IRHJ9AYT2QWH99X1CDPKLRTSGIGNL","Media Bias in web articles [3-5 minutes]","Give us your opinion on bias in web articles","survey","$0.25","Sun Mar 20 16:40:15 PDT 2022","100","BatchId:4695835;OriginalHitTemplateId:928390912;","3600","259200","Sun Mar 27 16:40:15 PDT 2022","","","3MAOD8E57S4Q0OTXNWCECBUUR5BXND","A2GL6394W4B5CJ","Approved","Sun Mar 20 16:43:23 PDT 2022","Sun Mar 20 16:50:30 PDT 2022","Wed Mar 23 16:50:30 PDT 2022","Mon Mar 21 15:06:12 PDT 2022","","","427","100% (5/5)","0% (0/0)","0% (0/0)","37","443","2","is-biased","United States","2","Male","","","3","English","4: 59","FOX","Liberal","Tiktok is the one of the fun and interesting social media","1","","","1","https://www.foxnews.com/us/police-warning-about-dangerous-new-tiktok-challenge-sweeping-us"
"3J9L0X0VDGGOZ2NKLFSL37PBRW7W9S","3IRHJ9AYT2QWH99X1CDPKLRTSGIGNL","Media Bias in web articles [3-5 minutes]","Give us your opinion on bias in web articles","survey","$0.25","Sun Mar 20 16:40:15 PDT 2022","100","BatchId:4695835;OriginalHitTemplateId:928390912;","3600","259200","Sun Mar 27 16:40:15 PDT 2022","","","3R9WASFE21A3HRGVQQHM1R1WXEOFZM","A2LAIY4QBAONQP","Approved","Sun Mar 20 16:50:12 PDT 2022","Sun Mar 20 16:57:23 PDT 2022","Wed Mar 23 16:57:23 PDT 2022","Mon Mar 21 15:06:13 PDT 2022","","","431","100% (1/1)","0% (0/0)","0% (0/0)","25","330","2","is-biased","United States","2","Male","","","5","English","2: 22","CNN","Independent","Your answer here","2","","","10","https://www.cnn.com/2022/03/20/us/all-black-women-army-congressional-gold-medal/index.html"
"3J9L0X0VDGGOZ2NKLFSL37PBRW7W9S","3IRHJ9AYT2QWH99X1CDPKLRTSGIGNL","Media Bias in web articles [3-5 minutes]","Give us your opinion on bias in web articles","survey","$0.25","Sun Mar 20 16:40:15 PDT 2022","100","BatchId:4695835;OriginalHitTemplateId:928390912;","3600","259200","Sun Mar 27 16:40:15 PDT 2022","","","3IKZ72A5B6A9022CN26S64UNN0FNFC","A361NCJD187AG4","Approved","Sun Mar 20 16:42:15 PDT 2022","Sun Mar 20 16:49:27 PDT 2022","Wed Mar 23 16:49:27 PDT 2022","Mon Mar 21 15:06:15 PDT 2022","","","432","100% (7/7)","0% (0/0)","0% (0/0)","29","247","2","is-biased","United States","10","Male","","","4","English","6: 00","CNN","Liberal","It was talking only about Ukraine and not the other side of Russia which makes it biased since it focuses on one side of the story","20","","","3","https://www.cnn.com/2022/03/20/entertainment/kyiv-calling-ukrainian-band-covers-the-clash-trnd/index.html"
"3J9L0X0VDGGOZ2NKLFSL37PBRW7W9S","3IRHJ9AYT2QWH99X1CDPKLRTSGIGNL","Media Bias in web articles [3-5 minutes]","Give us your opinion on bias in web articles","survey","$0.25","Sun Mar 20 16:40:15 PDT 2022","100","BatchId:4695835;OriginalHitTemplateId:928390912;","3600","259200","Sun Mar 27 16:40:15 PDT 2022","","","3MX2NQ3YCBOMAZNRJWGSIUU80KC5XW","A8GMDQX12M56","Approved","Sun Mar 20 16:50:45 PDT 2022","Sun Mar 20 16:58:48 PDT 2022","Wed Mar 23 16:58:48 PDT 2022","Mon Mar 21 15:06:20 PDT 2022","","","483","100% (4/4)","0% (0/0)","0% (0/0)","34","94","2","is-biased","United States","3","Female","","","2","English","3: 58","CNN","Liberal","INSTAGRAM.","2","","","3","https://www.cnn.com/2022/03/20/politics/biden-administration-myanmar-military-genocide/index.html"
"3J9L0X0VDGGOZ2NKLFSL37PBRW7W9S","3IRHJ9AYT2QWH99X1CDPKLRTSGIGNL","Media Bias in web articles [3-5 minutes]","Give us your opinion on bias in web articles","survey","$0.25","Sun Mar 20 16:40:15 PDT 2022","100","BatchId:4695835;OriginalHitTemplateId:928390912;","3600","259200","Sun Mar 27 16:40:15 PDT 2022","","","3FTOP5WARHIMK8W15MVFAQQ28EM0JI","A2J88DZIG11NSZ","Approved","Sun Mar 20 16:51:28 PDT 2022","Sun Mar 20 16:59:44 PDT 2022","Wed Mar 23 16:59:44 PDT 2022","Mon Mar 21 15:06:12 PDT 2022","","","496","100% (1/1)","0% (0/0)","0% (0/0)","32","277","2","is-biased","United States","4","Male","","","5","English","3: 00","FOX","Conservative","I was I think a correct decisions in this article.","2","","","3","https://www.foxnews.com/us/nyc-landlord-tenants-paying-rent"
"3J9L0X0VDGGOZ2NKLFSL37PBRW7W9S","3IRHJ9AYT2QWH99X1CDPKLRTSGIGNL","Media Bias in web articles [3-5 minutes]","Give us your opinion on bias in web articles","survey","$0.25","Sun Mar 20 16:40:15 PDT 2022","100","BatchId:4695835;OriginalHitTemplateId:928390912;","3600","259200","Sun Mar 27 16:40:15 PDT 2022","","","34BBWHLWHC5JXNDGGB305KK6W4GIWU","AAWAJ6E8QRFH1","Approved","Sun Mar 20 18:44:22 PDT 2022","Sun Mar 20 18:52:43 PDT 2022","Wed Mar 23 18:52:43 PDT 2022","Mon Mar 21 15:06:20 PDT 2022","","","501","100% (8/8)","0% (0/0)","0% (0/0)","45","339","2","is-biased","United States","1","Male","","","2","English","4: 26","BBC","Conservative","biased","5","","","1","https://www.bbc.co.uk/news/business-60333565"
"3J9L0X0VDGGOZ2NKLFSL37PBRW7W9S","3IRHJ9AYT2QWH99X1CDPKLRTSGIGNL","Media Bias in web articles [3-5 minutes]","Give us your opinion on bias in web articles","survey","$0.25","Sun Mar 20 16:40:15 PDT 2022","100","BatchId:4695835;OriginalHitTemplateId:928390912;","3600","259200","Sun Mar 27 16:40:15 PDT 2022","","","3URFVVM167CS09DLLFCLNR2Z712ZU4","A27WMYCHOUTXM5","Approved","Sun Mar 20 16:51:17 PDT 2022","Sun Mar 20 16:59:44 PDT 2022","Wed Mar 23 16:59:44 PDT 2022","Mon Mar 21 15:06:11 PDT 2022","","","507","100% (4/4)","0% (0/0)","0% (0/0)","37","181","2","is-biased","United States","13","Male","","","11","English","4: 31","BBC","Liberal","facebook and instagram","4","","","5","https://www.bbc.co.uk/news/world-us-canada-60810468"
"3J9L0X0VDGGOZ2NKLFSL37PBRW7W9S","3IRHJ9AYT2QWH99X1CDPKLRTSGIGNL","Media Bias in web articles [3-5 minutes]","Give us your opinion on bias in web articles","survey","$0.25","Sun Mar 20 16:40:15 PDT 2022","100","BatchId:4695835;OriginalHitTemplateId:928390912;","3600","259200","Sun Mar 27 16:40:15 PDT 2022","","","36TFCYNS464YQS7MKYH17RXY5T2XH4","A1HQACVVJED1UR","Approved","Sun Mar 20 16:43:12 PDT 2022","Sun Mar 20 16:51:51 PDT 2022","Wed Mar 23 16:51:51 PDT 2022","Mon Mar 21 15:06:09 PDT 2022","","","519","100% (6/6)","0% (0/0)","0% (0/0)","52","84","2","is-biased","United States","3","Male","6","","2","English","3: 34","FOX","Conservative","I DON'T KNOW","1","YOUTUBE","","2","https://www.foxnews.com/us/youtubers-find-body-missing-pennsylvania-man-missing-20-years"
"3J9L0X0VDGGOZ2NKLFSL37PBRW7W9S","3IRHJ9AYT2QWH99X1CDPKLRTSGIGNL","Media Bias in web articles [3-5 minutes]","Give us your opinion on bias in web articles","survey","$0.25","Sun Mar 20 16:40:15 PDT 2022","100","BatchId:4695835;OriginalHitTemplateId:928390912;","3600","259200","Sun Mar 27 16:40:15 PDT 2022","","","3N4BPTXIOAMXBEEZLE9B0CEM3SPKU3","A2NAKIXS3DVGAA","Approved","Sun Mar 20 16:42:21 PDT 2022","Sun Mar 20 16:51:26 PDT 2022","Wed Mar 23 16:51:26 PDT 2022","Mon Mar 21 15:06:13 PDT 2022","","","545","100% (6/6)","0% (0/0)","0% (0/0)","28","137","2","is-not-biased","United States","1","Male","","","1","English","2: 20","CNN","Independent","All of the article led me to conclude that it was unbiased since I did not find any evidence of bias.","1","","","1","https://www.cnn.com/2022/03/20/us/ocean-drive-miami-shooting-injured/index.html"
"3J9L0X0VDGGOZ2NKLFSL37PBRW7W9S","3IRHJ9AYT2QWH99X1CDPKLRTSGIGNL","Media Bias in web articles [3-5 minutes]","Give us your opinion on bias in web articles","survey","$0.25","Sun Mar 20 16:40:15 PDT 2022","100","BatchId:4695835;OriginalHitTemplateId:928390912;","3600","259200","Sun Mar 27 16:40:15 PDT 2022","","","3X66WABAJYC8AY5XG3SVFBWTJYPG3P","A7ABXPE4B6YG5","Approved","Sun Mar 20 16:51:58 PDT 2022","Sun Mar 20 17:01:03 PDT 2022","Wed Mar 23 17:01:03 PDT 2022","Mon Mar 21 15:06:19 PDT 2022","","","545","100% (2/2)","0% (0/0)","0% (0/0)","47","227","2","is-biased","United States","6","Female","","","12","English","8: 29","CNN","Conservative","Your  here Russia invaded the ukrainian people killing and forcing millions of the others personal issued.","1","","","5","https://www.cnn.com/2022/03/20/entertainment/kyiv-calling-ukrainian-band-covers-the-clash-trnd/index.html"
"3J9L0X0VDGGOZ2NKLFSL37PBRW7W9S","3IRHJ9AYT2QWH99X1CDPKLRTSGIGNL","Media Bias in web articles [3-5 minutes]","Give us your opinion on bias in web articles","survey","$0.25","Sun Mar 20 16:40:15 PDT 2022","100","BatchId:4695835;OriginalHitTemplateId:928390912;","3600","259200","Sun Mar 27 16:40:15 PDT 2022","","","3NXNZ5RS1CRBW7JC49PB0BMMKNJ97Z","A2UNHMSIJVZBJP","Approved","Sun Mar 20 18:22:24 PDT 2022","Sun Mar 20 18:31:30 PDT 2022","Wed Mar 23 18:31:30 PDT 2022","Mon Mar 21 15:06:14 PDT 2022","","","546","100% (3/3)","0% (0/0)","0% (0/0)","40","13","2","is-biased","United States","9","Male","","","11","English","8: 39","BBC","Conservative","Biased","7","","","8","https://www.bbc.co.uk/news/world-us-canada-60789022"
"3J9L0X0VDGGOZ2NKLFSL37PBRW7W9S","3IRHJ9AYT2QWH99X1CDPKLRTSGIGNL","Media Bias in web articles [3-5 minutes]","Give us your opinion on bias in web articles","survey","$0.25","Sun Mar 20 16:40:15 PDT 2022","100","BatchId:4695835;OriginalHitTemplateId:928390912;","3600","259200","Sun Mar 27 16:40:15 PDT 2022","","","3ITXP059PYDMLHGDEOEZKWWL365JSO","A3OQL1GPR6E8QZ","Approved","Sun Mar 20 17:02:50 PDT 2022","Sun Mar 20 17:13:04 PDT 2022","Wed Mar 23 17:13:04 PDT 2022","Mon Mar 21 15:06:17 PDT 2022","","","614","100% (3/3)","0% (0/0)","0% (0/0)","66","34","2","is-biased","United States","4","Female","","","5","English","4: 55","CNN","Conservative","In the top of the story","3","","","4","https://www.cnn.com/2022/03/20/politics/biden-administration-myanmar-military-genocide/index.html"
"3J9L0X0VDGGOZ2NKLFSL37PBRW7W9S","3IRHJ9AYT2QWH99X1CDPKLRTSGIGNL","Media Bias in web articles [3-5 minutes]","Give us your opinion on bias in web articles","survey","$0.25","Sun Mar 20 16:40:15 PDT 2022","100","BatchId:4695835;OriginalHitTemplateId:928390912;","3600","259200","Sun Mar 27 16:40:15 PDT 2022","","","36U2A8VAG3TESNY4VF603XKZZG0KY1","A3EEO74XWUNV51","Approved","Sun Mar 20 16:43:04 PDT 2022","Sun Mar 20 16:53:29 PDT 2022","Wed Mar 23 16:53:29 PDT 2022","Mon Mar 21 15:06:16 PDT 2022","","","625","100% (1/1)","0% (0/0)","0% (0/0)","30","284","2","is-biased","United States","2","Female","4","","3","English","4: 28","BBC","Conservative","I AM NOT SURE","1","FACEBOOK","","3","https://www.bbc.co.uk/news/world-us-canada-60798834"
"3J9L0X0VDGGOZ2NKLFSL37PBRW7W9S","3IRHJ9AYT2QWH99X1CDPKLRTSGIGNL","Media Bias in web articles [3-5 minutes]","Give us your opinion on bias in web articles","survey","$0.25","Sun Mar 20 16:40:15 PDT 2022","100","BatchId:4695835;OriginalHitTemplateId:928390912;","3600","259200","Sun Mar 27 16:40:15 PDT 2022","","","3I33IC7ZWHWIFPWBQ3MG0FGYFPC2AO","A195JW0TEV8XZW","Approved","Sun Mar 20 18:01:01 PDT 2022","Sun Mar 20 18:12:17 PDT 2022","Wed Mar 23 18:12:17 PDT 2022","Mon Mar 21 15:06:07 PDT 2022","","","676","100% (1/1)","0% (0/0)","0% (0/0)","30","197","2","is-biased","United States","5","Male","","","40","English","2: 59","FOX","Conservative","About Media","2","","","3","https://www.foxnews.com/us/gunshots-miami-beach-spring-break-injuries"
"3J9L0X0VDGGOZ2NKLFSL37PBRW7W9S","3IRHJ9AYT2QWH99X1CDPKLRTSGIGNL","Media Bias in web articles [3-5 minutes]","Give us your opinion on bias in web articles","survey","$0.25","Sun Mar 20 16:40:15 PDT 2022","100","BatchId:4695835;OriginalHitTemplateId:928390912;","3600","259200","Sun Mar 27 16:40:15 PDT 2022","","","3AMW0RGHOFWLRFR6152XIY8RP62NPF","A3E8PJ71CQCTNF","Approved","Sun Mar 20 16:43:02 PDT 2022","Sun Mar 20 16:54:31 PDT 2022","Wed Mar 23 16:54:31 PDT 2022","Mon Mar 21 15:06:16 PDT 2022","","","689","100% (5/5)","0% (0/0)","0% (0/0)","35","173","2","is-biased","United States","2","Female","","","2","English","9: 43","FOX","Liberal","facebook","2","","","2","https://www.foxnews.com/us/california-gang-members-charged-kevin-nishita-murder-shooting-smash-and-grab"
"3J9L0X0VDGGOZ2NKLFSL37PBRW7W9S","3IRHJ9AYT2QWH99X1CDPKLRTSGIGNL","Media Bias in web articles [3-5 minutes]","Give us your opinion on bias in web articles","survey","$0.25","Sun Mar 20 16:40:15 PDT 2022","100","BatchId:4695835;OriginalHitTemplateId:928390912;","3600","259200","Sun Mar 27 16:40:15 PDT 2022","","","3VSOLARPKD3TVOIP2XMLNUA6FLY93V","ADAC873TURHGD","Approved","Sun Mar 20 18:43:51 PDT 2022","Sun Mar 20 18:55:37 PDT 2022","Wed Mar 23 18:55:37 PDT 2022","Mon Mar 21 15:06:20 PDT 2022","","","706","100% (2/2)","0% (0/0)","0% (0/0)","30","392","2","is-biased","United States","5","Male","","","5","English","2: 31","FOX","Conservative","About Media","3","","","5","https://www.foxnews.com/us/yale-university-free-speech-panel-disrupted"
"3J9L0X0VDGGOZ2NKLFSL37PBRW7W9S","3IRHJ9AYT2QWH99X1CDPKLRTSGIGNL","Media Bias in web articles [3-5 minutes]","Give us your opinion on bias in web articles","survey","$0.25","Sun Mar 20 16:40:15 PDT 2022","100","BatchId:4695835;OriginalHitTemplateId:928390912;","3600","259200","Sun Mar 27 16:40:15 PDT 2022","","","3P1L2B7AD3JDIFCKAS93G6ZCA67OLY","A1WDKGHZ4J0H67","Approved","Sun Mar 20 17:06:59 PDT 2022","Sun Mar 20 17:18:49 PDT 2022","Wed Mar 23 17:18:49 PDT 2022","Mon Mar 21 15:06:10 PDT 2022","","","710","100% (5/5)","0% (0/0)","0% (0/0)","31","298","2","is-biased","United States","5","Male","","","6","English","5: 13","FOX","Conservative","In top of the story","3","","","5","https://www.foxnews.com/us/yale-university-free-speech-panel-disrupted"
"3J9L0X0VDGGOZ2NKLFSL37PBRW7W9S","3IRHJ9AYT2QWH99X1CDPKLRTSGIGNL","Media Bias in web articles [3-5 minutes]","Give us your opinion on bias in web articles","survey","$0.25","Sun Mar 20 16:40:15 PDT 2022","100","BatchId:4695835;OriginalHitTemplateId:928390912;","3600","259200","Sun Mar 27 16:40:15 PDT 2022","","","3OSWBBLG1GRHEC2KY2YBG6I0D19XDV","AMQGOTPBRWYSF","Approved","Sun Mar 20 16:42:28 PDT 2022","Sun Mar 20 16:54:33 PDT 2022","Wed Mar 23 16:54:33 PDT 2022","Mon Mar 21 15:06:21 PDT 2022","","","725","100% (6/6)","0% (0/0)","0% (0/0)","26","203","2","is-biased","United States","1","Male","","","1","English","4: 38","CNN","Conservative","Your answer here","1","","","1","https://www.cnn.com/2022/03/20/politics/clarence-thomas-hospitalized/index.html"
"3J9L0X0VDGGOZ2NKLFSL37PBRW7W9S","3IRHJ9AYT2QWH99X1CDPKLRTSGIGNL","Media Bias in web articles [3-5 minutes]","Give us your opinion on bias in web articles","survey","$0.25","Sun Mar 20 16:40:15 PDT 2022","100","BatchId:4695835;OriginalHitTemplateId:928390912;","3600","259200","Sun Mar 27 16:40:15 PDT 2022","","","3RU7GD8VPQNI7SJB91JJHSIXC5ASPW","A1HNODCSMJSHQ6","Approved","Sun Mar 20 16:44:13 PDT 2022","Sun Mar 20 16:56:33 PDT 2022","Wed Mar 23 16:56:33 PDT 2022","Mon Mar 21 15:06:09 PDT 2022","","","740","100% (2/2)","0% (0/0)","0% (0/0)","38","458","2","is-biased","United States","8","Female","","","8","English","6: 17","FOX","Liberal","facebook","5","","","8","https://www.foxnews.com/us/gunshots-miami-beach-spring-break-injuries"
"3J9L0X0VDGGOZ2NKLFSL37PBRW7W9S","3IRHJ9AYT2QWH99X1CDPKLRTSGIGNL","Media Bias in web articles [3-5 minutes]","Give us your opinion on bias in web articles","survey","$0.25","Sun Mar 20 16:40:15 PDT 2022","100","BatchId:4695835;OriginalHitTemplateId:928390912;","3600","259200","Sun Mar 27 16:40:15 PDT 2022","","","34J10VATJHSEDQHU424UDV2K83UQIT","A2R4KXRCZEDA3N","Approved","Sun Mar 20 16:47:54 PDT 2022","Sun Mar 20 17:00:26 PDT 2022","Wed Mar 23 17:00:26 PDT 2022","Mon Mar 21 15:06:13 PDT 2022","","","752","100% (1/1)","0% (0/0)","0% (0/0)","41","195","2","is-biased","United States","38","Male","34","","40","English","9: 54","CNN","Conservative","MIDDLE","16","YOUTUBE","","26","https://www.cnn.com/2022/03/20/politics/scotus-history-nominations-fights/index.html"
"3J9L0X0VDGGOZ2NKLFSL37PBRW7W9S","3IRHJ9AYT2QWH99X1CDPKLRTSGIGNL","Media Bias in web articles [3-5 minutes]","Give us your opinion on bias in web articles","survey","$0.25","Sun Mar 20 16:40:15 PDT 2022","100","BatchId:4695835;OriginalHitTemplateId:928390912;","3600","259200","Sun Mar 27 16:40:15 PDT 2022","","","340UGXU9D0VBRP8BKINI2LP3JQWUVZ","AR0VJ5XRG16UJ","Approved","Sun Mar 20 16:43:34 PDT 2022","Sun Mar 20 16:56:20 PDT 2022","Wed Mar 23 16:56:20 PDT 2022","Mon Mar 21 15:06:22 PDT 2022","","","766","100% (3/3)","0% (0/0)","0% (0/0)","52","299","2","is-biased","United States","8","Female","10","","6","English","11: 40","FOX","Liberal","Giving additional details regarding previous protests and detailed explanations about the processions.","1","you tube","","5","https://www.foxnews.com/us/plea-deal-philadelphia-woman-set-cop-cars-fire-george-floyd-protests"
"3J9L0X0VDGGOZ2NKLFSL37PBRW7W9S","3IRHJ9AYT2QWH99X1CDPKLRTSGIGNL","Media Bias in web articles [3-5 minutes]","Give us your opinion on bias in web articles","survey","$0.25","Sun Mar 20 16:40:15 PDT 2022","100","BatchId:4695835;OriginalHitTemplateId:928390912;","3600","259200","Sun Mar 27 16:40:15 PDT 2022","","","35L9RVQFCQC69ODRFT6ENKYUBBLUH9","AO2XX80GXA8QF","Approved","Sun Mar 20 16:46:30 PDT 2022","Sun Mar 20 16:59:30 PDT 2022","Wed Mar 23 16:59:30 PDT 2022","Mon Mar 21 15:06:22 PDT 2022","","","780","100% (2/2)","0% (0/0)","0% (0/0)","54","437","2","is-biased","United States","2","Male","","","3","English","4: 07","FOX","Conservative","nothing to use in another","2","","","1","https://www.foxnews.com/us/va-reporter-among-2-killed-in-shooting"
"3J9L0X0VDGGOZ2NKLFSL37PBRW7W9S","3IRHJ9AYT2QWH99X1CDPKLRTSGIGNL","Media Bias in web articles [3-5 minutes]","Give us your opinion on bias in web articles","survey","$0.25","Sun Mar 20 16:40:15 PDT 2022","100","BatchId:4695835;OriginalHitTemplateId:928390912;","3600","259200","Sun Mar 27 16:40:15 PDT 2022","","","30OG32W0SW5HUO2GSRMMOM9NBZ0NEU","A3GZVKTE11DNIK","Approved","Sun Mar 20 16:42:22 PDT 2022","Sun Mar 20 16:55:35 PDT 2022","Wed Mar 23 16:55:35 PDT 2022","Mon Mar 21 15:06:17 PDT 2022","","","793","100% (5/5)","0% (0/0)","0% (0/0)","29","160","2","is-biased","United States","3","Female","","","4","English","3: 58","FOX","Liberal","It is very critical segment","1","","","2","https://www.foxnews.com/us/florida-highway-patrol-dashcam"
"3J9L0X0VDGGOZ2NKLFSL37PBRW7W9S","3IRHJ9AYT2QWH99X1CDPKLRTSGIGNL","Media Bias in web articles [3-5 minutes]","Give us your opinion on bias in web articles","survey","$0.25","Sun Mar 20 16:40:15 PDT 2022","100","BatchId:4695835;OriginalHitTemplateId:928390912;","3600","259200","Sun Mar 27 16:40:15 PDT 2022","","","3N4BPTXIOAMXBEEZLE9B0CEM3SPUKD","AJ4UJQUPGHTPL","Approved","Sun Mar 20 16:56:57 PDT 2022","Sun Mar 20 17:10:43 PDT 2022","Wed Mar 23 17:10:43 PDT 2022","Mon Mar 21 15:06:20 PDT 2022","","","826","100% (1/1)","0% (0/0)","0% (0/0)","66","112","2","is-biased","United States","5","Female","","","6","English","4: 32","FOX","Conservative","In the top of the story","4","","","5","https://www.foxnews.com/us/west-texas-wildfires-evacuations"
"3J9L0X0VDGGOZ2NKLFSL37PBRW7W9S","3IRHJ9AYT2QWH99X1CDPKLRTSGIGNL","Media Bias in web articles [3-5 minutes]","Give us your opinion on bias in web articles","survey","$0.25","Sun Mar 20 16:40:15 PDT 2022","100","BatchId:4695835;OriginalHitTemplateId:928390912;","3600","259200","Sun Mar 27 16:40:15 PDT 2022","","","32RIADZISUYWIZXSBHRVEU72L9F4SI","A29SP68A2HLRRQ","Approved","Sun Mar 20 16:42:51 PDT 2022","Sun Mar 20 16:58:33 PDT 2022","Wed Mar 23 16:58:33 PDT 2022","Mon Mar 21 15:06:12 PDT 2022","","","942","100% (1/1)","0% (0/0)","0% (0/0)","25","422","2","is-biased","United States","30","Female","","","50","English","7: 58","BBC","Conservative","hate motivated incident","40","","","40","https://www.bbc.co.uk/news/world-us-canada-60810468"
"3J9L0X0VDGGOZ2NKLFSL37PBRW7W9S","3IRHJ9AYT2QWH99X1CDPKLRTSGIGNL","Media Bias in web articles [3-5 minutes]","Give us your opinion on bias in web articles","survey","$0.25","Sun Mar 20 16:40:15 PDT 2022","100","BatchId:4695835;OriginalHitTemplateId:928390912;","3600","259200","Sun Mar 27 16:40:15 PDT 2022","","","3EJJQNKU9TZETWLABZB9I9BA4CJHRU","A1L027QV6X7MGD","Approved","Sun Mar 20 18:14:10 PDT 2022","Sun Mar 20 18:30:22 PDT 2022","Wed Mar 23 18:30:22 PDT 2022","Mon Mar 21 15:06:09 PDT 2022","","","972","100% (2/2)","0% (0/0)","0% (0/0)","40","73","2","is-biased","United States","6","Male","","","4","English","2: 45","BBC","Liberal","facebook","8","","","8","https://www.bbc.co.uk/news/world-us-canada-60789022"
"3J9L0X0VDGGOZ2NKLFSL37PBRW7W9S","3IRHJ9AYT2QWH99X1CDPKLRTSGIGNL","Media Bias in web articles [3-5 minutes]","Give us your opinion on bias in web articles","survey","$0.25","Sun Mar 20 16:40:15 PDT 2022","100","BatchId:4695835;OriginalHitTemplateId:928390912;","3600","259200","Sun Mar 27 16:40:15 PDT 2022","","","32AT8R96GN3VZXR7QNIDRY5WKM2SUS","A88GW67A7XXXT","Approved","Sun Mar 20 16:43:14 PDT 2022","Sun Mar 20 17:00:56 PDT 2022","Wed Mar 23 17:00:56 PDT 2022","Mon Mar 21 15:06:19 PDT 2022","","","1062","100% (2/2)","0% (0/0)","0% (0/0)","58","87","2","is-biased","United States","48","Female","42","","42","English","5: 49","BBC","Liberal","N/A","40","WHATSAPP","","42","https://www.bbc.co.uk/news/world-us-canada-60787377"
"3J9L0X0VDGGOZ2NKLFSL37PBRW7W9S","3IRHJ9AYT2QWH99X1CDPKLRTSGIGNL","Media Bias in web articles [3-5 minutes]","Give us your opinion on bias in web articles","survey","$0.25","Sun Mar 20 16:40:15 PDT 2022","100","BatchId:4695835;OriginalHitTemplateId:928390912;","3600","259200","Sun Mar 27 16:40:15 PDT 2022","","","3WYGZ5XF3Y9HW1MVW9EBLBWYIV4KSN","A27WZHGZLEDJ22","Approved","Sun Mar 20 16:42:14 PDT 2022","Sun Mar 20 17:00:03 PDT 2022","Wed Mar 23 17:00:03 PDT 2022","Mon Mar 21 15:06:11 PDT 2022","","","1069","100% (1/1)","0% (0/0)","0% (0/0)","25","163","2","is-biased","United States","1","Male","","","3","English","3: 29","FOX","Conservative","Your answer hereNOTHING","1","","","2","https://www.foxnews.com/us/west-texas-wildfires-evacuations"
"3J9L0X0VDGGOZ2NKLFSL37PBRW7W9S","3IRHJ9AYT2QWH99X1CDPKLRTSGIGNL","Media Bias in web articles [3-5 minutes]","Give us your opinion on bias in web articles","survey","$0.25","Sun Mar 20 16:40:15 PDT 2022","100","BatchId:4695835;OriginalHitTemplateId:928390912;","3600","259200","Sun Mar 27 16:40:15 PDT 2022","","","3E1QT0TDFR387MHYI8NUR4HKEXB8I3","A1E9D1OT9VJYDZ","Approved","Sun Mar 20 17:48:28 PDT 2022","Sun Mar 20 18:06:30 PDT 2022","Wed Mar 23 18:06:30 PDT 2022","Mon Mar 21 15:06:08 PDT 2022","","","1082","100% (5/5)","0% (0/0)","0% (0/0)","40","124","2","is-biased","United States","10","Male","","14","8","English","3: 42","BBC","Conservative","Good","4","","whatsapp","8","https://www.bbc.co.uk/news/world-us-canada-60810468"
"3J9L0X0VDGGOZ2NKLFSL37PBRW7W9S","3IRHJ9AYT2QWH99X1CDPKLRTSGIGNL","Media Bias in web articles [3-5 minutes]","Give us your opinion on bias in web articles","survey","$0.25","Sun Mar 20 16:40:15 PDT 2022","100","BatchId:4695835;OriginalHitTemplateId:928390912;","3600","259200","Sun Mar 27 16:40:15 PDT 2022","","","3EKVH9QME0YGDWZNADDIQGO40S92DQ","A1E46NKNVY6LIA","Approved","Sun Mar 20 16:42:48 PDT 2022","Sun Mar 20 17:01:36 PDT 2022","Wed Mar 23 17:01:36 PDT 2022","Mon Mar 21 15:06:08 PDT 2022","","","1128","100% (2/2)","0% (0/0)","0% (0/0)","51","409","2","is-biased","Australia","6","Female","","","12","English","10: 57","CNN","Independent","THE ARTICLE BAISED IN PRESENTATION OF THE TOPIC","2","","","4","https://www.cnn.com/2022/03/19/us/arkansas-car-show-shooting/index.html"
"3J9L0X0VDGGOZ2NKLFSL37PBRW7W9S","3IRHJ9AYT2QWH99X1CDPKLRTSGIGNL","Media Bias in web articles [3-5 minutes]","Give us your opinion on bias in web articles","survey","$0.25","Sun Mar 20 16:40:15 PDT 2022","100","BatchId:4695835;OriginalHitTemplateId:928390912;","3600","259200","Sun Mar 27 16:40:15 PDT 2022","","","31UV0MXWNS6PK4YWKAGRFK7TC77I58","APPU3QLC0TEHI","Approved","Sun Mar 20 16:42:14 PDT 2022","Sun Mar 20 17:01:31 PDT 2022","Wed Mar 23 17:01:31 PDT 2022","Mon Mar 21 15:06:22 PDT 2022","","","1157","100% (2/2)","0% (0/0)","0% (0/0)","36","482","2","is-biased","Other","3","Female","","","4","Other","18: 57","FOX","Conservative","Your answer here","2","","","0","https://www.foxnews.com/us/california-gang-members-charged-kevin-nishita-murder-shooting-smash-and-grab"
"3J9L0X0VDGGOZ2NKLFSL37PBRW7W9S","3IRHJ9AYT2QWH99X1CDPKLRTSGIGNL","Media Bias in web articles [3-5 minutes]","Give us your opinion on bias in web articles","survey","$0.25","Sun Mar 20 16:40:15 PDT 2022","100","BatchId:4695835;OriginalHitTemplateId:928390912;","3600","259200","Sun Mar 27 16:40:15 PDT 2022","","","3SUWZRL0M079N3WOTA05MBN1G9CE6C","ALRWR5BJD6BS4","Approved","Sun Mar 20 16:57:33 PDT 2022","Sun Mar 20 17:17:02 PDT 2022","Wed Mar 23 17:17:02 PDT 2022","Mon Mar 21 15:06:21 PDT 2022","","","1169","100% (1/1)","0% (0/0)","0% (0/0)","52","270","2","is-biased","United States","9","Male","7","{}","14","English","19: 00","BBC","Conservative","rmiddle  part","6","snapchat","{}","6","https://www.bbc.co.uk/news/world-us-canada-60797948"
"3J9L0X0VDGGOZ2NKLFSL37PBRW7W9S","3IRHJ9AYT2QWH99X1CDPKLRTSGIGNL","Media Bias in web articles [3-5 minutes]","Give us your opinion on bias in web articles","survey","$0.25","Sun Mar 20 16:40:15 PDT 2022","100","BatchId:4695835;OriginalHitTemplateId:928390912;","3600","259200","Sun Mar 27 16:40:15 PDT 2022","","","3Z2R0DQ0JJ8L52DN68O2WY6P04A2EJ","A30ZZBSYP9711M","Approved","Sun Mar 20 16:50:24 PDT 2022","Sun Mar 20 17:10:47 PDT 2022","Wed Mar 23 17:10:47 PDT 2022","Mon Mar 21 15:06:14 PDT 2022","","","1223","100% (1/1)","0% (0/0)","0% (0/0)","42","100","2","is-biased","United States","4","Male","10","","5","English","2: 59","CNN","Liberal","N\A","5","tyler","","2","https://www.cnn.com/2022/03/20/entertainment/kanye-west-banned-grammys-trevor-noah/index.html"
"3J9L0X0VDGGOZ2NKLFSL37PBRW7W9S","3IRHJ9AYT2QWH99X1CDPKLRTSGIGNL","Media Bias in web articles [3-5 minutes]","Give us your opinion on bias in web articles","survey","$0.25","Sun Mar 20 16:40:15 PDT 2022","100","BatchId:4695835;OriginalHitTemplateId:928390912;","3600","259200","Sun Mar 27 16:40:15 PDT 2022","","","3L4PIM1GQVA0FRBZLZFX496DU8YYRC","A2UB1Y0JTWBPCM","Approved","Sun Mar 20 18:44:16 PDT 2022","Sun Mar 20 19:05:26 PDT 2022","Wed Mar 23 19:05:26 PDT 2022","Mon Mar 21 15:06:14 PDT 2022","","","1270","100% (2/2)","0% (0/0)","0% (0/0)","30","64","2","is-biased","United States","5","Male","","","5","English","1: 57","BBC","Conservative","About Media","2","","","3","https://www.bbc.co.uk/news/world-us-canada-60745569"
"3J9L0X0VDGGOZ2NKLFSL37PBRW7W9S","3IRHJ9AYT2QWH99X1CDPKLRTSGIGNL","Media Bias in web articles [3-5 minutes]","Give us your opinion on bias in web articles","survey","$0.25","Sun Mar 20 16:40:15 PDT 2022","100","BatchId:4695835;OriginalHitTemplateId:928390912;","3600","259200","Sun Mar 27 16:40:15 PDT 2022","","","3OCHAWUVGQEPSI8UQJKYKJDQXA6KXV","A3Q2O4IUPKX8HB","Approved","Sun Mar 20 16:43:02 PDT 2022","Sun Mar 20 17:05:19 PDT 2022","Wed Mar 23 17:05:19 PDT 2022","Mon Mar 21 15:06:18 PDT 2022","","","1337","100% (2/2)","0% (0/0)","0% (0/0)","42","301","2","is-biased","United States","41","Male","","","42","English","6: 56","BBC","Liberal","N/A","40","","","42","https://www.bbc.co.uk/news/world-us-canada-60810468"
"3J9L0X0VDGGOZ2NKLFSL37PBRW7W9S","3IRHJ9AYT2QWH99X1CDPKLRTSGIGNL","Media Bias in web articles [3-5 minutes]","Give us your opinion on bias in web articles","survey","$0.25","Sun Mar 20 16:40:15 PDT 2022","100","BatchId:4695835;OriginalHitTemplateId:928390912;","3600","259200","Sun Mar 27 16:40:15 PDT 2022","","","3U84XHCDIE7TJBJ669L3AN458OF4ZN","A23ZHY245JEV7F","Approved","Sun Mar 20 16:44:24 PDT 2022","Sun Mar 20 17:07:00 PDT 2022","Wed Mar 23 17:07:00 PDT 2022","Mon Mar 21 15:06:11 PDT 2022","","","1356","100% (2/2)","0% (0/0)","0% (0/0)","31","207","2","is-biased","United States","4","Female","","","5","English","6: 26","BBC","Liberal","n/a","1","","","4","https://www.bbc.co.uk/news/world-europe-60804949"
"3J9L0X0VDGGOZ2NKLFSL37PBRW7W9S","3IRHJ9AYT2QWH99X1CDPKLRTSGIGNL","Media Bias in web articles [3-5 minutes]","Give us your opinion on bias in web articles","survey","$0.25","Sun Mar 20 16:40:15 PDT 2022","100","BatchId:4695835;OriginalHitTemplateId:928390912;","3600","259200","Sun Mar 27 16:40:15 PDT 2022","","","3CFJTT4SXVK478CF83VOD4LP3D2I7N","AM2BDN6U2YU6S","Approved","Sun Mar 20 17:37:52 PDT 2022","Sun Mar 20 18:01:34 PDT 2022","Wed Mar 23 18:01:34 PDT 2022","Mon Mar 21 15:06:21 PDT 2022","","","1422","100% (2/2)","0% (0/0)","0% (0/0)","35","310","2","is-biased","United States","5","Male","","","4","English","2: 40","BBC","Liberal","INSTAGRAM","3","","","4","https://www.bbc.co.uk/news/world-us-canada-60745569"
"3J9L0X0VDGGOZ2NKLFSL37PBRW7W9S","3IRHJ9AYT2QWH99X1CDPKLRTSGIGNL","Media Bias in web articles [3-5 minutes]","Give us your opinion on bias in web articles","survey","$0.25","Sun Mar 20 16:40:15 PDT 2022","100","BatchId:4695835;OriginalHitTemplateId:928390912;","3600","259200","Sun Mar 27 16:40:15 PDT 2022","","","3XC1O3LBOUGTV7HS69V2AG5Z9EOTLP","A12HLLXWOQJ14Q","Approved","Sun Mar 20 17:04:04 PDT 2022","Sun Mar 20 17:27:50 PDT 2022","Wed Mar 23 17:27:50 PDT 2022","Mon Mar 21 15:06:07 PDT 2022","","","1426","100% (3/3)","0% (0/0)","0% (0/0)","69","336","2","is-biased","United States","1","Male","","","2","English","6: 36","CNN","Conservative","It was design to make it look like Russia was not accomplishing to win the war and they badly needed Biden to step in and save everything. Not realistic.","1","","","1","https://www.cnn.com/2022/03/20/opinions/ukraine-biden-peace-deal-dowling/index.html"
"3J9L0X0VDGGOZ2NKLFSL37PBRW7W9S","3IRHJ9AYT2QWH99X1CDPKLRTSGIGNL","Media Bias in web articles [3-5 minutes]","Give us your opinion on bias in web articles","survey","$0.25","Sun Mar 20 16:40:15 PDT 2022","100","BatchId:4695835;OriginalHitTemplateId:928390912;","3600","259200","Sun Mar 27 16:40:15 PDT 2022","","","3PPTZCWALSE08G6446SGDQ5A4GZZQ2","A1TE5CML1V34WP","Approved","Sun Mar 20 19:13:52 PDT 2022","Sun Mar 20 19:38:38 PDT 2022","Wed Mar 23 19:38:38 PDT 2022","Mon Mar 21 15:06:10 PDT 2022","","","1486","100% (1/1)","0% (0/0)","0% (0/0)","28","126","2","is-biased","United States","1","Male","","","3","English","2: 08","CNN","Liberal","The White House has not yet set a schedule for when the award will be granted.","1","","","1","https://www.cnn.com/2022/03/20/us/all-black-women-army-congressional-gold-medal/index.html"
"3J9L0X0VDGGOZ2NKLFSL37PBRW7W9S","3IRHJ9AYT2QWH99X1CDPKLRTSGIGNL","Media Bias in web articles [3-5 minutes]","Give us your opinion on bias in web articles","survey","$0.25","Sun Mar 20 16:40:15 PDT 2022","100","BatchId:4695835;OriginalHitTemplateId:928390912;","3600","259200","Sun Mar 27 16:40:15 PDT 2022","","","30BUDKLTXFPD4ZWAORQ0U591KE15EN","A3COOK7KNG28KE","Approved","Sun Mar 20 16:46:41 PDT 2022","Sun Mar 20 17:11:28 PDT 2022","Wed Mar 23 17:11:28 PDT 2022","Mon Mar 21 15:06:16 PDT 2022","","","1487","100% (1/1)","0% (0/0)","0% (0/0)","40","415","2","is-biased","United States","5","Female","","","8","English","2: 59","BBC","Liberal","INSTAGAM","4","","","5","https://www.bbc.co.uk/news/uk-scotland-scotland-business-60780953"
"3J9L0X0VDGGOZ2NKLFSL37PBRW7W9S","3IRHJ9AYT2QWH99X1CDPKLRTSGIGNL","Media Bias in web articles [3-5 minutes]","Give us your opinion on bias in web articles","survey","$0.25","Sun Mar 20 16:40:15 PDT 2022","100","BatchId:4695835;OriginalHitTemplateId:928390912;","3600","259200","Sun Mar 27 16:40:15 PDT 2022","","","3QXNC7EIPKPXEWJSJA42LWCZC9B90X","AKGZWYU411D48","Approved","Sun Mar 20 17:16:08 PDT 2022","Sun Mar 20 17:41:29 PDT 2022","Wed Mar 23 17:41:29 PDT 2022","Mon Mar 21 15:06:20 PDT 2022","","","1521","100% (2/2)","0% (0/0)","0% (0/0)","35","18","2","is-biased","United States","57","Male","","","68","English","22: 56","CNN","Liberal","instagram","5","","","6","https://www.cnn.com/2022/03/20/us/rare-snake-alabama-trnd/index.html"
"3J9L0X0VDGGOZ2NKLFSL37PBRW7W9S","3IRHJ9AYT2QWH99X1CDPKLRTSGIGNL","Media Bias in web articles [3-5 minutes]","Give us your opinion on bias in web articles","survey","$0.25","Sun Mar 20 16:40:15 PDT 2022","100","BatchId:4695835;OriginalHitTemplateId:928390912;","3600","259200","Sun Mar 27 16:40:15 PDT 2022","","","3300DTYQT4B2XLF88JE3SG4SGANQEK","A13547IIHDUTT5","Approved","Sun Mar 20 16:54:02 PDT 2022","Sun Mar 20 17:19:51 PDT 2022","Wed Mar 23 17:19:51 PDT 2022","Mon Mar 21 15:06:07 PDT 2022","","","1549","100% (1/1)","0% (0/0)","0% (0/0)","39","170","2","is-biased","United States","5","Male","","","7","English","3: 52","CNN","Liberal","AMY CONEY BARRETT, 2020","2","","","3","https://www.cnn.com/2022/03/20/politics/scotus-history-nominations-fights/index.html"
"3J9L0X0VDGGOZ2NKLFSL37PBRW7W9S","3IRHJ9AYT2QWH99X1CDPKLRTSGIGNL","Media Bias in web articles [3-5 minutes]","Give us your opinion on bias in web articles","survey","$0.25","Sun Mar 20 16:40:15 PDT 2022","100","BatchId:4695835;OriginalHitTemplateId:928390912;","3600","259200","Sun Mar 27 16:40:15 PDT 2022","","","34HJIJKLP7QCAREW5CW0PHR9KD94VN","A1JCSUTUAH4KKS","Approved","Sun Mar 20 17:40:13 PDT 2022","Sun Mar 20 18:06:31 PDT 2022","Wed Mar 23 18:06:31 PDT 2022","Mon Mar 21 15:06:09 PDT 2022","","","1578","100% (2/2)","0% (0/0)","0% (0/0)","35","446","2","is-biased","United States","4","Male","","","4","English","4: 52","CNN","Liberal","youtube","3","","","5","https://www.cnn.com/2022/03/20/politics/biden-administration-myanmar-military-genocide/index.html"
"3J9L0X0VDGGOZ2NKLFSL37PBRW7W9S","3IRHJ9AYT2QWH99X1CDPKLRTSGIGNL","Media Bias in web articles [3-5 minutes]","Give us your opinion on bias in web articles","survey","$0.25","Sun Mar 20 16:40:15 PDT 2022","100","BatchId:4695835;OriginalHitTemplateId:928390912;","3600","259200","Sun Mar 27 16:40:15 PDT 2022","","","3IXQG4FA2VSYYJM2HQ1R5D8I3D9B9M","A38JCRTTVX7EVE","Approved","Sun Mar 20 17:44:18 PDT 2022","Sun Mar 20 18:11:10 PDT 2022","Wed Mar 23 18:11:10 PDT 2022","Mon Mar 21 15:06:15 PDT 2022","","","1612","100% (7/7)","0% (0/0)","0% (0/0)","31","299","2","is-biased","United States","10","Female","","","6","English","6: 07","FOX","Liberal","biased","0","","","6","https://www.foxnews.com/us/plea-deal-philadelphia-woman-set-cop-cars-fire-george-floyd-protests"
"3J9L0X0VDGGOZ2NKLFSL37PBRW7W9S","3IRHJ9AYT2QWH99X1CDPKLRTSGIGNL","Media Bias in web articles [3-5 minutes]","Give us your opinion on bias in web articles","survey","$0.25","Sun Mar 20 16:40:15 PDT 2022","100","BatchId:4695835;OriginalHitTemplateId:928390912;","3600","259200","Sun Mar 27 16:40:15 PDT 2022","","","3SB4CE2TJXPJG5Z8ES79Q5AUSYCXAT","A3EKS3FBXABQHJ","Approved","Sun Mar 20 17:42:41 PDT 2022","Sun Mar 20 18:09:47 PDT 2022","Wed Mar 23 18:09:47 PDT 2022","Mon Mar 21 15:06:17 PDT 2022","","","1626","100% (2/2)","0% (0/0)","0% (0/0)","38","274","2","is-biased","United States","5","Female","","","7","English","2: 28","BBC","Liberal","youtube","2","","","3","https://www.bbc.co.uk/news/uk-scotland-scotland-business-60780953"
"3J9L0X0VDGGOZ2NKLFSL37PBRW7W9S","3IRHJ9AYT2QWH99X1CDPKLRTSGIGNL","Media Bias in web articles [3-5 minutes]","Give us your opinion on bias in web articles","survey","$0.25","Sun Mar 20 16:40:15 PDT 2022","100","BatchId:4695835;OriginalHitTemplateId:928390912;","3600","259200","Sun Mar 27 16:40:15 PDT 2022","","","3WYGZ5XF3Y9HW1MVW9EBLBWYIV4SKV","A32AMKARA2FPDA","Approved","Sun Mar 20 16:44:24 PDT 2022","Sun Mar 20 17:11:31 PDT 2022","Wed Mar 23 17:11:31 PDT 2022","Mon Mar 21 15:06:14 PDT 2022","","","1627","100% (1/1)","0% (0/0)","0% (0/0)","24","445","2","is-biased","United States","43","Male","","","42","English","13: 36","BBC","Liberal","N/A","42","","","41","https://www.bbc.co.uk/news/world-us-canada-60800439"
"3J9L0X0VDGGOZ2NKLFSL37PBRW7W9S","3IRHJ9AYT2QWH99X1CDPKLRTSGIGNL","Media Bias in web articles [3-5 minutes]","Give us your opinion on bias in web articles","survey","$0.25","Sun Mar 20 16:40:15 PDT 2022","100","BatchId:4695835;OriginalHitTemplateId:928390912;","3600","259200","Sun Mar 27 16:40:15 PDT 2022","","","3L2IS5HSFCCYJKZ2IR1RS4VQXNUUNI","A18OTEPWOHKSEP","Approved","Sun Mar 20 16:44:24 PDT 2022","Sun Mar 20 17:12:11 PDT 2022","Wed Mar 23 17:12:11 PDT 2022","Mon Mar 21 15:06:07 PDT 2022","","","1667","100% (1/1)","0% (0/0)","0% (0/0)","52","59","2","is-biased","United States","5","Male","","","5","English","4: 23","CNN","Liberal","N/A","5","","","4","https://www.cnn.com/2022/03/20/entertainment/kyiv-calling-ukrainian-band-covers-the-clash-trnd/index.html"
"3J9L0X0VDGGOZ2NKLFSL37PBRW7W9S","3IRHJ9AYT2QWH99X1CDPKLRTSGIGNL","Media Bias in web articles [3-5 minutes]","Give us your opinion on bias in web articles","survey","$0.25","Sun Mar 20 16:40:15 PDT 2022","100","BatchId:4695835;OriginalHitTemplateId:928390912;","3600","259200","Sun Mar 27 16:40:15 PDT 2022","","","36W0OB37HY8NVN71LG5M4CD9DT0ZH3","ABHVOC3NVBPJR","Approved","Sun Mar 20 16:44:23 PDT 2022","Sun Mar 20 17:13:22 PDT 2022","Wed Mar 23 17:13:22 PDT 2022","Mon Mar 21 15:06:20 PDT 2022","","","1739","100% (1/1)","0% (0/0)","0% (0/0)","46","408","2","is-biased","United States","2","Male","","","2","English","4: 45","FOX","Liberal","N\A","3","","","2","https://www.foxnews.com/us/project-cure-nonprofit-medical-supplies-ukraine-logistics-russia-war"
"3J9L0X0VDGGOZ2NKLFSL37PBRW7W9S","3IRHJ9AYT2QWH99X1CDPKLRTSGIGNL","Media Bias in web articles [3-5 minutes]","Give us your opinion on bias in web articles","survey","$0.25","Sun Mar 20 16:40:15 PDT 2022","100","BatchId:4695835;OriginalHitTemplateId:928390912;","3600","259200","Sun Mar 27 16:40:15 PDT 2022","","","3NS0A6KXC629VRCQ1AN4JC18YTNZG4","A1OF6JHABZOV40","Approved","Sun Mar 20 16:55:28 PDT 2022","Sun Mar 20 17:26:32 PDT 2022","Wed Mar 23 17:26:32 PDT 2022","Mon Mar 21 15:06:10 PDT 2022","","","1864","100% (1/1)","0% (0/0)","0% (0/0)","49","56","2","is-biased","United States","5","Male","","","12","English","2: 37","CNN","Conservative","russia takes unwanted war against ukraine innocent peoples.","3","","","5","https://www.cnn.com/2022/03/20/media/reliable-sources-kyiv-independent/index.html"
"3J9L0X0VDGGOZ2NKLFSL37PBRW7W9S","3IRHJ9AYT2QWH99X1CDPKLRTSGIGNL","Media Bias in web articles [3-5 minutes]","Give us your opinion on bias in web articles","survey","$0.25","Sun Mar 20 16:40:15 PDT 2022","100","BatchId:4695835;OriginalHitTemplateId:928390912;","3600","259200","Sun Mar 27 16:40:15 PDT 2022","","","3IAS3U3I0HANYZ13WHMCVQ04X7X2BJ","A3PJ9M81EH3ZHX","Approved","Sun Mar 20 16:59:20 PDT 2022","Sun Mar 20 17:31:12 PDT 2022","Wed Mar 23 17:31:12 PDT 2022","Mon Mar 21 15:06:18 PDT 2022","","","1912","100% (1/1)","0% (0/0)","0% (0/0)","34","59","2","is-biased","United States","9","Female","","","15","English","4: 54","CNN","Conservative","middle part","4","","","6","https://www.cnn.com/2022/03/20/entertainment/kyiv-calling-ukrainian-band-covers-the-clash-trnd/index.html"
"3J9L0X0VDGGOZ2NKLFSL37PBRW7W9S","3IRHJ9AYT2QWH99X1CDPKLRTSGIGNL","Media Bias in web articles [3-5 minutes]","Give us your opinion on bias in web articles","survey","$0.25","Sun Mar 20 16:40:15 PDT 2022","100","BatchId:4695835;OriginalHitTemplateId:928390912;","3600","259200","Sun Mar 27 16:40:15 PDT 2022","","","3TGOYF991ZGBEAJBFSDD6ZNK5JNUUA","A9CI305JANZLZ","Approved","Sun Mar 20 16:43:22 PDT 2022","Sun Mar 20 17:16:56 PDT 2022","Wed Mar 23 17:16:56 PDT 2022","Mon Mar 21 15:06:20 PDT 2022","","","2014","100% (2/2)","0% (0/0)","0% (0/0)","43","497","2","is-biased","United States","5","Female","","","5","English","2: 13","CNN","Liberal","n/a","5","","","5","https://www.cnn.com/2022/03/20/us/ocean-drive-miami-shooting-injured/index.html"
"3J9L0X0VDGGOZ2NKLFSL37PBRW7W9S","3IRHJ9AYT2QWH99X1CDPKLRTSGIGNL","Media Bias in web articles [3-5 minutes]","Give us your opinion on bias in web articles","survey","$0.25","Sun Mar 20 16:40:15 PDT 2022","100","BatchId:4695835;OriginalHitTemplateId:928390912;","3600","259200","Sun Mar 27 16:40:15 PDT 2022","","","3R8YZBNQ9JCHO60YLB0XM6CBUNJQ7Y","A1PO4Z1B8661LE","Approved","Sun Mar 20 16:42:15 PDT 2022","Sun Mar 20 17:16:51 PDT 2022","Wed Mar 23 17:16:51 PDT 2022","Mon Mar 21 15:06:10 PDT 2022","","","2076","100% (1/1)","0% (0/0)","0% (0/0)","31","302","2","is-not-biased","Italy","6","Male","","","4","Italian","2: 05","FOX","Conservative","It was a neutral article, just stating the facts","1","","","1","https://www.foxnews.com/us/north-carolina-shooting-hotel-fayetteville"
"3J9L0X0VDGGOZ2NKLFSL37PBRW7W9S","3IRHJ9AYT2QWH99X1CDPKLRTSGIGNL","Media Bias in web articles [3-5 minutes]","Give us your opinion on bias in web articles","survey","$0.25","Sun Mar 20 16:40:15 PDT 2022","100","BatchId:4695835;OriginalHitTemplateId:928390912;","3600","259200","Sun Mar 27 16:40:15 PDT 2022","","","3MX2NQ3YCBOMAZNRJWGSIUU80KBX5N","A2L657ZD6FWAI0","Approved","Sun Mar 20 16:44:55 PDT 2022","Sun Mar 20 17:21:18 PDT 2022","Wed Mar 23 17:21:18 PDT 2022","Mon Mar 21 15:06:13 PDT 2022","","","2183","100% (3/3)","0% (0/0)","0% (0/0)","41","477","2","is-biased","United States","8","Male","","","6","English","9: 02","BBC","Liberal","facebook","7","","","6","https://www.bbc.co.uk/news/world-us-canada-60798834"
"3J9L0X0VDGGOZ2NKLFSL37PBRW7W9S","3IRHJ9AYT2QWH99X1CDPKLRTSGIGNL","Media Bias in web articles [3-5 minutes]","Give us your opinion on bias in web articles","survey","$0.25","Sun Mar 20 16:40:15 PDT 2022","100","BatchId:4695835;OriginalHitTemplateId:928390912;","3600","259200","Sun Mar 27 16:40:15 PDT 2022","","","33IZTU6J83VNG1L2VST0B540E4JSXK","A1W1O52ONM0DB8","Approved","Sun Mar 20 16:45:06 PDT 2022","Sun Mar 20 17:21:53 PDT 2022","Wed Mar 23 17:21:53 PDT 2022","Mon Mar 21 15:06:10 PDT 2022","","","2207","100% (2/2)","0% (0/0)","0% (0/0)","33","79","2","is-biased","United States","42","Male","","","42","English","11: 38","FOX","Liberal","N/A","41","","","42","https://www.foxnews.com/us/california-gang-members-charged-kevin-nishita-murder-shooting-smash-and-grab"
"3J9L0X0VDGGOZ2NKLFSL37PBRW7W9S","3IRHJ9AYT2QWH99X1CDPKLRTSGIGNL","Media Bias in web articles [3-5 minutes]","Give us your opinion on bias in web articles","survey","$0.25","Sun Mar 20 16:40:15 PDT 2022","100","BatchId:4695835;OriginalHitTemplateId:928390912;","3600","259200","Sun Mar 27 16:40:15 PDT 2022","","","3IHR8NYAM9VZ57H0J0N1JP2RYP84P2","A1RYL5P4RSH26G","Approved","Sun Mar 20 16:44:44 PDT 2022","Sun Mar 20 17:22:52 PDT 2022","Wed Mar 23 17:22:52 PDT 2022","Mon Mar 21 15:06:10 PDT 2022","","","2288","100% (2/2)","0% (0/0)","0% (0/0)","48","204","2","is-biased","United States","5","Female","","","5","English","4: 17","BBC","Liberal","n/a","5","","","5","https://www.bbc.co.uk/news/world-us-canada-60804943"
"3J9L0X0VDGGOZ2NKLFSL37PBRW7W9S","3IRHJ9AYT2QWH99X1CDPKLRTSGIGNL","Media Bias in web articles [3-5 minutes]","Give us your opinion on bias in web articles","survey","$0.25","Sun Mar 20 16:40:15 PDT 2022","100","BatchId:4695835;OriginalHitTemplateId:928390912;","3600","259200","Sun Mar 27 16:40:15 PDT 2022","","","317HQ483I9MTAT42OACD917F3SAIN1","A016079037TD5GXCNYBPH","Approved","Sun Mar 20 17:44:00 PDT 2022","Sun Mar 20 18:22:13 PDT 2022","Wed Mar 23 18:22:13 PDT 2022","Mon Mar 21 15:06:07 PDT 2022","","","2293","100% (2/2)","0% (0/0)","0% (0/0)","32","188","2","is-biased","United States","4","Male","","","2","English","2: 42","FOX","Independent","location","6","","","4","https://www.foxnews.com/us/gunshots-miami-beach-spring-break-injuries"
"3J9L0X0VDGGOZ2NKLFSL37PBRW7W9S","3IRHJ9AYT2QWH99X1CDPKLRTSGIGNL","Media Bias in web articles [3-5 minutes]","Give us your opinion on bias in web articles","survey","$0.25","Sun Mar 20 16:40:15 PDT 2022","100","BatchId:4695835;OriginalHitTemplateId:928390912;","3600","259200","Sun Mar 27 16:40:15 PDT 2022","","","374TNBHA8DP03QWZ8KQXZJW8YMWYQB","A7VV58840L4BV","Approved","Sun Mar 20 18:48:10 PDT 2022","Sun Mar 20 19:28:09 PDT 2022","Wed Mar 23 19:28:09 PDT 2022","Mon Mar 21 15:06:19 PDT 2022","","","2399","100% (1/1)","0% (0/0)","0% (0/0)","33","200","2","is-biased","United States","3","Male","5","5","5","English","11: 40","FOX","Liberal","nothing","5","6","neck","2","https://www.foxnews.com/us/gunshots-miami-beach-spring-break-injuries"
"3J9L0X0VDGGOZ2NKLFSL37PBRW7W9S","3IRHJ9AYT2QWH99X1CDPKLRTSGIGNL","Media Bias in web articles [3-5 minutes]","Give us your opinion on bias in web articles","survey","$0.25","Sun Mar 20 16:40:15 PDT 2022","100","BatchId:4695835;OriginalHitTemplateId:928390912;","3600","259200","Sun Mar 27 16:40:15 PDT 2022","","","3VNXK88KKECD7XK8M7SR6P2P65N9VO","A19QRXLWV5GKXN","Approved","Sun Mar 20 17:02:38 PDT 2022","Sun Mar 20 17:43:02 PDT 2022","Wed Mar 23 17:43:02 PDT 2022","Mon Mar 21 15:06:08 PDT 2022","","","2424","100% (1/1)","0% (0/0)","0% (0/0)","25","400","2","is-biased","United States","5","Female","","","10","English","2: 17","CNN","Independent","Your answer here","3","","","5","https://www.cnn.com/2022/03/20/politics/scotus-history-nominations-fights/index.html"
"3J9L0X0VDGGOZ2NKLFSL37PBRW7W9S","3IRHJ9AYT2QWH99X1CDPKLRTSGIGNL","Media Bias in web articles [3-5 minutes]","Give us your opinion on bias in web articles","survey","$0.25","Sun Mar 20 16:40:15 PDT 2022","100","BatchId:4695835;OriginalHitTemplateId:928390912;","3600","259200","Sun Mar 27 16:40:15 PDT 2022","","","3GNA64GUZGY212MFXIL0OMYF3HOQ5J","A35Z4FPJMP9VOW","Approved","Sun Mar 20 17:42:55 PDT 2022","Sun Mar 20 18:32:41 PDT 2022","Wed Mar 23 18:32:41 PDT 2022","Mon Mar 21 15:06:15 PDT 2022","","","2986","100% (1/1)","0% (0/0)","0% (0/0)","25","381","2","is-biased","United States","30","Male","30","","20","English","5: 21","BBC","Conservative","none","5","face book","","10","https://www.bbc.co.uk/news/world-us-canada-60787377"
"3J9L0X0VDGGOZ2NKLFSL37PBRW7W9S","3IRHJ9AYT2QWH99X1CDPKLRTSGIGNL","Media Bias in web articles [3-5 minutes]","Give us your opinion on bias in web articles","survey","$0.25","Sun Mar 20 16:40:15 PDT 2022","100","BatchId:4695835;OriginalHitTemplateId:928390912;","3600","259200","Sun Mar 27 16:40:15 PDT 2022","","","3FQ5JJ512NIKGOUQODXPMHMSVWWNKE","AP3TMAKHW9G4P","Approved","Sun Mar 20 16:42:18 PDT 2022","Sun Mar 20 17:35:46 PDT 2022","Wed Mar 23 17:35:46 PDT 2022","Mon Mar 21 15:06:22 PDT 2022","","","3208","100% (1/1)","0% (0/0)","0% (0/0)","51","355","2","is-not-biased","United States","1","Male","","","0","English","11: 01","CNN","Independent","unbiased why it talked about how other presidents did things so war wouldn't happen start in 1905 with Roosevelt.","1","","","0","https://www.cnn.com/2022/03/20/opinions/ukraine-biden-peace-deal-dowling/index.html"
"3J9L0X0VDGGOZ2NKLFSL37PBRW7W9S","3IRHJ9AYT2QWH99X1CDPKLRTSGIGNL","Media Bias in web articles [3-5 minutes]","Give us your opinion on bias in web articles","survey","$0.25","Sun Mar 20 16:40:15 PDT 2022","100","BatchId:4695835;OriginalHitTemplateId:928390912;","3600","259200","Sun Mar 27 16:40:15 PDT 2022","","","3F1567XTNYZL2POR08YH023HPD7Q9A","A1FHC4Z6QXDQSS","Approved","Sun Mar 20 17:43:12 PDT 2022","Sun Mar 20 18:38:31 PDT 2022","Wed Mar 23 18:38:31 PDT 2022","Mon Mar 21 15:06:08 PDT 2022","","","3319","100% (7/7)","0% (0/0)","0% (0/0)","39","349","2","is-biased","United States","2","Male","","","10","English","54: 12","CNN","Liberal","the way it talked about conservative nominations you could see it was biased and leaned to the left","2","","","2","https://www.cnn.com/2022/03/20/politics/scotus-history-nominations-fights/index.html"